{"resourceType":"CodeSystem","id":"kommunenummer-codesystem","text":{"status":"generated","div":"<div xmlns=\"http://www.w3.org/1999/xhtml\"><p class=\"res-header-id\"><b>Generated Narrative: CodeSystem kommunenummer-codesystem</b></p><a name=\"kommunenummer-codesystem\"> </a><a name=\"hckommunenummer-codesystem\"> </a><p>This  code system <code>urn:oid:2.16.578.1.12.4.1.1.3402</code> defines codes, but no codes are represented here</p></div>"},"url":"urn:oid:2.16.578.1.12.4.1.1.3402","version":"1.0.7","name":"KommunenummerCodeSystem","title":"Kommunenummer CodeSystem","status":"active","date":"2025-10-17T18:08:49+00:00","publisher":"Folkehelseinstituttet","contact":[{"name":"Folkehelseinstituttet","telecom":[{"system":"url","value":"https://www.fhi.no"}]},{"name":"Legemiddelregisteret","telecom":[{"system":"email","value":"legemiddelregisteret@fhi.no"}]}],"description":"Kodesystem for norske kommunenummer (Volven 3402)","jurisdiction":[{"coding":[{"system":"urn:iso:std:iso:3166","code":"NO","display":"Norway"}]}],"content":"not-present"}