{"resourceType":"ImplementationGuide","id":"hl7.fhir.no.lmdi","language":"no","text":{"status":"generated","div":"<div xmlns=\"http://www.w3.org/1999/xhtml\" xml:lang=\"no\" lang=\"no\"><p class=\"res-header-id\"><b>Generated Narrative: ImplementationGuide hl7.fhir.no.lmdi</b></p><a name=\"hl7.fhir.no.lmdi\"> </a><a name=\"hchl7.fhir.no.lmdi\"> </a><div style=\"display: inline-block; background-color: #d9e0e7; padding: 6px; margin: 4px; border: 1px solid #8da1b4; border-radius: 5px; line-height: 60%\"><p style=\"margin-bottom: 0px\">Language: no</p></div><h2>Lmdi</h2><p>The official URL for this implementation guide is: </p><pre>http://hl7.no/fhir/ig/lmdi/ImplementationGuide/hl7.fhir.no.lmdi</pre><div><p>Denne implementasjongguiden beskriver hvordan institusjoner skal overføre data om legemiddelbruk i institusjoner til Legemiddelregisteret</p>\n</div></div>"},"url":"http://hl7.no/fhir/ig/lmdi/ImplementationGuide/hl7.fhir.no.lmdi","version":"1.0.7","name":"Lmdi","title":"Legemiddeldata fra institusjon til Legemiddelregisteret","status":"draft","date":"2025-09-30","publisher":"Folkehelseinstituttet","contact":[{"name":"Folkehelseinstituttet","telecom":[{"system":"url","value":"https://www.fhi.no"}]},{"name":"Legemiddelregisteret","telecom":[{"system":"email","value":"legemiddelregisteret@fhi.no"}]}],"description":"Denne implementasjongguiden beskriver hvordan institusjoner skal overføre data om legemiddelbruk i institusjoner til Legemiddelregisteret","jurisdiction":[{"coding":[{"system":"urn:iso:std:iso:3166","code":"NO","display":"Norway"}]}],"packageId":"hl7.fhir.no.lmdi","license":"CC-BY-4.0","fhirVersion":["4.0.1"],"dependsOn":[{"id":"hl7tx","extension":[{"url":"http://hl7.org/fhir/tools/StructureDefinition/implementationguide-dependency-comment","valueMarkdown":"Automatically added as a dependency - all IGs depend on HL7 Terminology"}],"uri":"http://terminology.hl7.org/ImplementationGuide/hl7.terminology","packageId":"hl7.terminology.r4","version":"6.5.0"},{"id":"hl7_fhir_uv_extensions_r4","uri":"http://hl7.org/fhir/extensions/ImplementationGuide/hl7.fhir.uv.extensions","packageId":"hl7.fhir.uv.extensions.r4","version":"5.2.0"},{"id":"hl7_fhir_no_basis","uri":"http://fhir.org/packages/hl7.fhir.no.basis/ImplementationGuide/hl7.fhir.no.basis","packageId":"hl7.fhir.no.basis","version":"2.2.0"}],"definition":{"extension":[{"extension":[{"url":"code","valueString":"copyrightyear"},{"url":"value","valueString":"2024+"}],"url":"http://hl7.org/fhir/tools/StructureDefinition/ig-parameter"},{"extension":[{"url":"code","valueString":"releaselabel"},{"url":"value","valueString":"ci-build"}],"url":"http://hl7.org/fhir/tools/StructureDefinition/ig-parameter"},{"extension":[{"url":"code","valueString":"path-assets"},{"url":"value","valueString":"input/assets"}],"url":"http://hl7.org/fhir/tools/StructureDefinition/ig-parameter"},{"extension":[{"url":"code","valueString":"apply-contact"},{"url":"value","valueString":"true"}],"url":"http://hl7.org/fhir/tools/StructureDefinition/ig-parameter"},{"extension":[{"url":"code","valueString":"apply-jurisdiction"},{"url":"value","valueString":"true"}],"url":"http://hl7.org/fhir/tools/StructureDefinition/ig-parameter"},{"extension":[{"url":"code","valueString":"autoload-resources"},{"url":"value","valueString":"true"}],"url":"http://hl7.org/fhir/tools/StructureDefinition/ig-parameter"},{"extension":[{"url":"code","valueString":"path-liquid"},{"url":"value","valueString":"template/liquid"}],"url":"http://hl7.org/fhir/tools/StructureDefinition/ig-parameter"},{"extension":[{"url":"code","valueString":"path-liquid"},{"url":"value","valueString":"input/liquid"}],"url":"http://hl7.org/fhir/tools/StructureDefinition/ig-parameter"},{"extension":[{"url":"code","valueString":"path-qa"},{"url":"value","valueString":"temp/qa"}],"url":"http://hl7.org/fhir/tools/StructureDefinition/ig-parameter"},{"extension":[{"url":"code","valueString":"path-temp"},{"url":"value","valueString":"temp/pages"}],"url":"http://hl7.org/fhir/tools/StructureDefinition/ig-parameter"},{"extension":[{"url":"code","valueString":"path-output"},{"url":"value","valueString":"output"}],"url":"http://hl7.org/fhir/tools/StructureDefinition/ig-parameter"},{"extension":[{"url":"code","valueString":"path-suppressed-warnings"},{"url":"value","valueString":"input/ignoreWarnings.txt"}],"url":"http://hl7.org/fhir/tools/StructureDefinition/ig-parameter"},{"extension":[{"url":"code","valueString":"path-history"},{"url":"value","valueString":"http://hl7.no/fhir/ig/lmdi/history.html"}],"url":"http://hl7.org/fhir/tools/StructureDefinition/ig-parameter"},{"extension":[{"url":"code","valueString":"template-html"},{"url":"value","valueString":"template-page.html"}],"url":"http://hl7.org/fhir/tools/StructureDefinition/ig-parameter"},{"extension":[{"url":"code","valueString":"template-md"},{"url":"value","valueString":"template-page-md.html"}],"url":"http://hl7.org/fhir/tools/StructureDefinition/ig-parameter"},{"extension":[{"url":"code","valueString":"apply-context"},{"url":"value","valueString":"true"}],"url":"http://hl7.org/fhir/tools/StructureDefinition/ig-parameter"},{"extension":[{"url":"code","valueString":"apply-copyright"},{"url":"value","valueString":"true"}],"url":"http://hl7.org/fhir/tools/StructureDefinition/ig-parameter"},{"extension":[{"url":"code","valueString":"apply-license"},{"url":"value","valueString":"true"}],"url":"http://hl7.org/fhir/tools/StructureDefinition/ig-parameter"},{"extension":[{"url":"code","valueString":"apply-publisher"},{"url":"value","valueString":"true"}],"url":"http://hl7.org/fhir/tools/StructureDefinition/ig-parameter"},{"extension":[{"url":"code","valueString":"apply-version"},{"url":"value","valueString":"true"}],"url":"http://hl7.org/fhir/tools/StructureDefinition/ig-parameter"},{"extension":[{"url":"code","valueString":"apply-wg"},{"url":"value","valueString":"true"}],"url":"http://hl7.org/fhir/tools/StructureDefinition/ig-parameter"},{"extension":[{"url":"code","valueString":"active-tables"},{"url":"value","valueString":"true"}],"url":"http://hl7.org/fhir/tools/StructureDefinition/ig-parameter"},{"extension":[{"url":"code","valueString":"fmm-definition"},{"url":"value","valueString":"http://hl7.org/fhir/versions.html#maturity"}],"url":"http://hl7.org/fhir/tools/StructureDefinition/ig-parameter"},{"extension":[{"url":"code","valueString":"propagate-status"},{"url":"value","valueString":"true"}],"url":"http://hl7.org/fhir/tools/StructureDefinition/ig-parameter"},{"extension":[{"url":"code","valueString":"excludelogbinaryformat"},{"url":"value","valueString":"true"}],"url":"http://hl7.org/fhir/tools/StructureDefinition/ig-parameter"},{"extension":[{"url":"code","valueString":"tabbed-snapshots"},{"url":"value","valueString":"true"}],"url":"http://hl7.org/fhir/tools/StructureDefinition/ig-parameter"},{"url":"http://hl7.org/fhir/tools/StructureDefinition/ig-internal-dependency","valueCode":"hl7.fhir.uv.tools.r4#0.8.0"},{"extension":[{"url":"code","valueCode":"copyrightyear"},{"url":"value","valueString":"2024+"}],"url":"http://hl7.org/fhir/tools/StructureDefinition/ig-parameter"},{"extension":[{"url":"code","valueCode":"releaselabel"},{"url":"value","valueString":"ci-build"}],"url":"http://hl7.org/fhir/tools/StructureDefinition/ig-parameter"},{"extension":[{"url":"code","valueCode":"path-assets"},{"url":"value","valueString":"input/assets"}],"url":"http://hl7.org/fhir/tools/StructureDefinition/ig-parameter"},{"extension":[{"url":"code","valueCode":"apply-contact"},{"url":"value","valueString":"true"}],"url":"http://hl7.org/fhir/tools/StructureDefinition/ig-parameter"},{"extension":[{"url":"code","valueCode":"apply-jurisdiction"},{"url":"value","valueString":"true"}],"url":"http://hl7.org/fhir/tools/StructureDefinition/ig-parameter"},{"extension":[{"url":"code","valueCode":"autoload-resources"},{"url":"value","valueString":"true"}],"url":"http://hl7.org/fhir/tools/StructureDefinition/ig-parameter"},{"extension":[{"url":"code","valueCode":"path-liquid"},{"url":"value","valueString":"template/liquid"}],"url":"http://hl7.org/fhir/tools/StructureDefinition/ig-parameter"},{"extension":[{"url":"code","valueCode":"path-liquid"},{"url":"value","valueString":"input/liquid"}],"url":"http://hl7.org/fhir/tools/StructureDefinition/ig-parameter"},{"extension":[{"url":"code","valueCode":"path-qa"},{"url":"value","valueString":"temp/qa"}],"url":"http://hl7.org/fhir/tools/StructureDefinition/ig-parameter"},{"extension":[{"url":"code","valueCode":"path-temp"},{"url":"value","valueString":"temp/pages"}],"url":"http://hl7.org/fhir/tools/StructureDefinition/ig-parameter"},{"extension":[{"url":"code","valueCode":"path-output"},{"url":"value","valueString":"output"}],"url":"http://hl7.org/fhir/tools/StructureDefinition/ig-parameter"},{"extension":[{"url":"code","valueCode":"path-suppressed-warnings"},{"url":"value","valueString":"input/ignoreWarnings.txt"}],"url":"http://hl7.org/fhir/tools/StructureDefinition/ig-parameter"},{"extension":[{"url":"code","valueCode":"path-history"},{"url":"value","valueString":"http://hl7.no/fhir/ig/lmdi/history.html"}],"url":"http://hl7.org/fhir/tools/StructureDefinition/ig-parameter"},{"extension":[{"url":"code","valueCode":"template-html"},{"url":"value","valueString":"template-page.html"}],"url":"http://hl7.org/fhir/tools/StructureDefinition/ig-parameter"},{"extension":[{"url":"code","valueCode":"template-md"},{"url":"value","valueString":"template-page-md.html"}],"url":"http://hl7.org/fhir/tools/StructureDefinition/ig-parameter"},{"extension":[{"url":"code","valueCode":"apply-context"},{"url":"value","valueString":"true"}],"url":"http://hl7.org/fhir/tools/StructureDefinition/ig-parameter"},{"extension":[{"url":"code","valueCode":"apply-copyright"},{"url":"value","valueString":"true"}],"url":"http://hl7.org/fhir/tools/StructureDefinition/ig-parameter"},{"extension":[{"url":"code","valueCode":"apply-license"},{"url":"value","valueString":"true"}],"url":"http://hl7.org/fhir/tools/StructureDefinition/ig-parameter"},{"extension":[{"url":"code","valueCode":"apply-publisher"},{"url":"value","valueString":"true"}],"url":"http://hl7.org/fhir/tools/StructureDefinition/ig-parameter"},{"extension":[{"url":"code","valueCode":"apply-version"},{"url":"value","valueString":"true"}],"url":"http://hl7.org/fhir/tools/StructureDefinition/ig-parameter"},{"extension":[{"url":"code","valueCode":"apply-wg"},{"url":"value","valueString":"true"}],"url":"http://hl7.org/fhir/tools/StructureDefinition/ig-parameter"},{"extension":[{"url":"code","valueCode":"active-tables"},{"url":"value","valueString":"true"}],"url":"http://hl7.org/fhir/tools/StructureDefinition/ig-parameter"},{"extension":[{"url":"code","valueCode":"fmm-definition"},{"url":"value","valueString":"http://hl7.org/fhir/versions.html#maturity"}],"url":"http://hl7.org/fhir/tools/StructureDefinition/ig-parameter"},{"extension":[{"url":"code","valueCode":"propagate-status"},{"url":"value","valueString":"true"}],"url":"http://hl7.org/fhir/tools/StructureDefinition/ig-parameter"},{"extension":[{"url":"code","valueCode":"excludelogbinaryformat"},{"url":"value","valueString":"true"}],"url":"http://hl7.org/fhir/tools/StructureDefinition/ig-parameter"},{"extension":[{"url":"code","valueCode":"tabbed-snapshots"},{"url":"value","valueString":"true"}],"url":"http://hl7.org/fhir/tools/StructureDefinition/ig-parameter"},{"extension":[{"url":"code","valueCode":"copyrightyear"},{"url":"value","valueString":"2024+"}],"url":"http://hl7.org/fhir/tools/StructureDefinition/ig-parameter"},{"extension":[{"url":"code","valueCode":"releaselabel"},{"url":"value","valueString":"ci-build"}],"url":"http://hl7.org/fhir/tools/StructureDefinition/ig-parameter"},{"extension":[{"url":"code","valueCode":"path-assets"},{"url":"value","valueString":"input/assets"}],"url":"http://hl7.org/fhir/tools/StructureDefinition/ig-parameter"},{"extension":[{"url":"code","valueCode":"apply-contact"},{"url":"value","valueString":"true"}],"url":"http://hl7.org/fhir/tools/StructureDefinition/ig-parameter"},{"extension":[{"url":"code","valueCode":"apply-jurisdiction"},{"url":"value","valueString":"true"}],"url":"http://hl7.org/fhir/tools/StructureDefinition/ig-parameter"},{"extension":[{"url":"code","valueCode":"autoload-resources"},{"url":"value","valueString":"true"}],"url":"http://hl7.org/fhir/tools/StructureDefinition/ig-parameter"},{"extension":[{"url":"code","valueCode":"path-liquid"},{"url":"value","valueString":"template/liquid"}],"url":"http://hl7.org/fhir/tools/StructureDefinition/ig-parameter"},{"extension":[{"url":"code","valueCode":"path-liquid"},{"url":"value","valueString":"input/liquid"}],"url":"http://hl7.org/fhir/tools/StructureDefinition/ig-parameter"},{"extension":[{"url":"code","valueCode":"path-qa"},{"url":"value","valueString":"temp/qa"}],"url":"http://hl7.org/fhir/tools/StructureDefinition/ig-parameter"},{"extension":[{"url":"code","valueCode":"path-temp"},{"url":"value","valueString":"temp/pages"}],"url":"http://hl7.org/fhir/tools/StructureDefinition/ig-parameter"},{"extension":[{"url":"code","valueCode":"path-output"},{"url":"value","valueString":"output"}],"url":"http://hl7.org/fhir/tools/StructureDefinition/ig-parameter"},{"extension":[{"url":"code","valueCode":"path-suppressed-warnings"},{"url":"value","valueString":"input/ignoreWarnings.txt"}],"url":"http://hl7.org/fhir/tools/StructureDefinition/ig-parameter"},{"extension":[{"url":"code","valueCode":"path-history"},{"url":"value","valueString":"http://hl7.no/fhir/ig/lmdi/history.html"}],"url":"http://hl7.org/fhir/tools/StructureDefinition/ig-parameter"},{"extension":[{"url":"code","valueCode":"template-html"},{"url":"value","valueString":"template-page.html"}],"url":"http://hl7.org/fhir/tools/StructureDefinition/ig-parameter"},{"extension":[{"url":"code","valueCode":"template-md"},{"url":"value","valueString":"template-page-md.html"}],"url":"http://hl7.org/fhir/tools/StructureDefinition/ig-parameter"},{"extension":[{"url":"code","valueCode":"apply-context"},{"url":"value","valueString":"true"}],"url":"http://hl7.org/fhir/tools/StructureDefinition/ig-parameter"},{"extension":[{"url":"code","valueCode":"apply-copyright"},{"url":"value","valueString":"true"}],"url":"http://hl7.org/fhir/tools/StructureDefinition/ig-parameter"},{"extension":[{"url":"code","valueCode":"apply-license"},{"url":"value","valueString":"true"}],"url":"http://hl7.org/fhir/tools/StructureDefinition/ig-parameter"},{"extension":[{"url":"code","valueCode":"apply-publisher"},{"url":"value","valueString":"true"}],"url":"http://hl7.org/fhir/tools/StructureDefinition/ig-parameter"},{"extension":[{"url":"code","valueCode":"apply-version"},{"url":"value","valueString":"true"}],"url":"http://hl7.org/fhir/tools/StructureDefinition/ig-parameter"},{"extension":[{"url":"code","valueCode":"apply-wg"},{"url":"value","valueString":"true"}],"url":"http://hl7.org/fhir/tools/StructureDefinition/ig-parameter"},{"extension":[{"url":"code","valueCode":"active-tables"},{"url":"value","valueString":"true"}],"url":"http://hl7.org/fhir/tools/StructureDefinition/ig-parameter"},{"extension":[{"url":"code","valueCode":"fmm-definition"},{"url":"value","valueString":"http://hl7.org/fhir/versions.html#maturity"}],"url":"http://hl7.org/fhir/tools/StructureDefinition/ig-parameter"},{"extension":[{"url":"code","valueCode":"propagate-status"},{"url":"value","valueString":"true"}],"url":"http://hl7.org/fhir/tools/StructureDefinition/ig-parameter"},{"extension":[{"url":"code","valueCode":"excludelogbinaryformat"},{"url":"value","valueString":"true"}],"url":"http://hl7.org/fhir/tools/StructureDefinition/ig-parameter"},{"extension":[{"url":"code","valueCode":"tabbed-snapshots"},{"url":"value","valueString":"true"}],"url":"http://hl7.org/fhir/tools/StructureDefinition/ig-parameter"}],"grouping":[{"id":"-str-profile","name":"Structures: Resource Profiles","description":"These define constraints on FHIR resources for systems conforming to this implementation guide."},{"id":"-str-extension","name":"Structures: Extension Definitions","description":"These define constraints on FHIR data types for systems conforming to this implementation guide."},{"id":"-term-valueset","name":"Terminology: Value Sets","description":"These define sets of codes used by systems conforming to this implementation guide."},{"id":"-term-codesystem","name":"Terminology: Code Systems","description":"These define new code systems used by systems conforming to this implementation guide."},{"id":"-term-namingsystem","name":"Terminology: Naming Systems","description":"These define identifier and/or code system identities used by systems conforming to this implementation guide."},{"id":"-ex-example","name":"Example: Example Instances","description":"These are example instances that show what data produced and consumed by systems conforming with this implementation guide might look like."}],"resource":[{"extension":[{"url":"http://hl7.org/fhir/tools/StructureDefinition/resource-sort","valueInteger":999999999},{"url":"http://hl7.org/fhir/StructureDefinition/implementationguide-page","valueUri":"StructureDefinition-lmdi-condition.html"}],"reference":{"reference":"StructureDefinition/lmdi-condition"},"name":"Diagnose","description":"Diagnosen som pasienten har fått rekvirert eller administrert legemiddelet for.","exampleBoolean":false,"groupingId":"-str-profile"},{"extension":[{"url":"http://hl7.org/fhir/tools/StructureDefinition/resource-sort","valueInteger":999999999},{"url":"http://hl7.org/fhir/StructureDefinition/implementationguide-page","valueUri":"StructureDefinition-lmdi-encounter.html"}],"reference":{"reference":"StructureDefinition/lmdi-encounter"},"name":"Episode","description":"Profil for en behandlingsepisode basert på Encounter-ressursen i FHIR. Denne profilen representerer et klinisk møte eller en behandling i helsevesenet, med fokus på organisatorisk tilhørighet.","exampleBoolean":false,"groupingId":"-str-profile"},{"extension":[{"url":"http://hl7.org/fhir/tools/StructureDefinition/resource-sort","valueInteger":999999999},{"url":"http://hl7.org/fhir/StructureDefinition/implementationguide-page","valueUri":"StructureDefinition-lmdi-practitioner.html"}],"reference":{"reference":"StructureDefinition/lmdi-practitioner"},"name":"Helsepersonell","description":"Helsepersonell som har rekvirert legemidlet, basert på no-basis-Practitioner. HPR-nummer skal oppgis når tilgjengelig.","exampleBoolean":false,"groupingId":"-str-profile"},{"extension":[{"url":"http://hl7.org/fhir/tools/StructureDefinition/resource-sort","valueInteger":999999999},{"url":"http://hl7.org/fhir/StructureDefinition/implementationguide-page","valueUri":"StructureDefinition-lmdi-medication.html"}],"reference":{"reference":"StructureDefinition/lmdi-medication"},"name":"Legemiddel","description":"Beskrivelse av legemiddel.","exampleBoolean":false,"groupingId":"-str-profile"},{"extension":[{"url":"http://hl7.org/fhir/tools/StructureDefinition/resource-sort","valueInteger":999999999},{"url":"http://hl7.org/fhir/StructureDefinition/implementationguide-page","valueUri":"StructureDefinition-lmdi-medicationadministration.html"}],"reference":{"reference":"StructureDefinition/lmdi-medicationadministration"},"name":"Legemiddeladministrering","description":"Beskriver administrering av legemiddel til pasient på institusjon.\n\nDette er kjerneressursen for denne implementasjonsguiden. Den peker videre legemiddelet som ble gitt, pasienten som har fått administrert legemiddel, på hvilken institusjon det skjedde, tidspunkt for administrering, hvem som utførte den (helsepersonell eller rolle ved institusjon) og dose med eventuell administrasjonsvei.","exampleBoolean":false,"groupingId":"-str-profile"},{"extension":[{"url":"http://hl7.org/fhir/tools/StructureDefinition/resource-sort","valueInteger":999999999},{"url":"http://hl7.org/fhir/StructureDefinition/implementationguide-page","valueUri":"StructureDefinition-lmdi-bundle.html"}],"reference":{"reference":"StructureDefinition/lmdi-bundle"},"name":"LegemiddelregisterBundle","description":"Profil av Bundle for Legemiddelregisteret. Støtter bare transaction-type og POST-operasjoner, med begrensninger på tillatte ressurstyper.","exampleBoolean":false,"groupingId":"-str-profile"},{"extension":[{"url":"http://hl7.org/fhir/tools/StructureDefinition/resource-sort","valueInteger":999999999},{"url":"http://hl7.org/fhir/StructureDefinition/implementationguide-page","valueUri":"StructureDefinition-lmdi-medicationrequest.html"}],"reference":{"reference":"StructureDefinition/lmdi-medicationrequest"},"name":"Legemiddelrekvirering","description":"Legemiddelrekvirering - ordinering eller annen rekvirering av legemiddel","exampleBoolean":false,"groupingId":"-str-profile"},{"extension":[{"url":"http://hl7.org/fhir/tools/StructureDefinition/resource-sort","valueInteger":999999999},{"url":"http://hl7.org/fhir/StructureDefinition/implementationguide-page","valueUri":"StructureDefinition-lmdi-organization.html"}],"reference":{"reference":"StructureDefinition/lmdi-organization"},"name":"Organisasjon","description":"Organisasjoner i norsk helse- og omsorgstjeneste, som post, avdeling, klinikk, sykehus og sykehjem, basert på no-basis-Organization.\n\nDenne profilen av Organization benyttes for å beskrive helseinstitusjoner og skal representere organisasjonen på lavest mulig nivå i organisasjonshierarkiet (f.eks. en avdeling eller klinikk eller post).\n\nFor organisasjonen som er del av en større organisasjon, skal dette angis ved hjelp av partOf-relasjonen. Alle \"organisasjonshierarki\" skal inkludere minst et organisasjonsnummer fra Enhetsregisteret (identifier:ENH)","exampleBoolean":false,"groupingId":"-str-profile"},{"extension":[{"url":"http://hl7.org/fhir/tools/StructureDefinition/resource-sort","valueInteger":999999999},{"url":"http://hl7.org/fhir/StructureDefinition/implementationguide-page","valueUri":"StructureDefinition-lmdi-patient.html"}],"reference":{"reference":"StructureDefinition/lmdi-patient"},"name":"Pasient","description":"Pasienten som har fått rekvirert eller administrert legemiddel, basert på no-basis-Patient","exampleBoolean":false,"groupingId":"-str-profile"},{"extension":[{"url":"http://hl7.org/fhir/tools/StructureDefinition/resource-sort","valueInteger":999999999},{"url":"http://hl7.org/fhir/StructureDefinition/implementationguide-page","valueUri":"StructureDefinition-lmdi-substance.html"}],"reference":{"reference":"StructureDefinition/lmdi-substance"},"name":"Virkestoff","description":"En tilpasset profil av Substance for å representere virkestoff, basert på no-basis.","exampleBoolean":false,"groupingId":"-str-profile"},{"extension":[{"url":"http://hl7.org/fhir/tools/StructureDefinition/resource-sort","valueInteger":999999999},{"url":"http://hl7.org/fhir/StructureDefinition/implementationguide-page","valueUri":"StructureDefinition-lmdi-del-av-behandlingsregime.html"}],"reference":{"reference":"StructureDefinition/lmdi-del-av-behandlingsregime"},"name":"Del av behandlingsregime","description":"Navnet på kuren, behandlingsregimet eller protokollen legemidlet gis som en del av. Spesielt relevant ved kjemoterapi.","exampleBoolean":false,"groupingId":"-str-extension"},{"extension":[{"url":"http://hl7.org/fhir/tools/StructureDefinition/resource-sort","valueInteger":999999999},{"url":"http://hl7.org/fhir/StructureDefinition/implementationguide-page","valueUri":"StructureDefinition-lmdi-klinisk-studie.html"}],"reference":{"reference":"StructureDefinition/lmdi-klinisk-studie"},"name":"Klinisk studie","description":"Angir om legemidlet gis som en del av en klinisk studie.","exampleBoolean":false,"groupingId":"-str-extension"},{"extension":[{"url":"http://hl7.org/fhir/tools/StructureDefinition/resource-sort","valueInteger":999999999},{"url":"http://hl7.org/fhir/StructureDefinition/implementationguide-page","valueUri":"StructureDefinition-legemiddel-classification.html"}],"reference":{"reference":"StructureDefinition/legemiddel-classification"},"name":"Legemiddel Classification","description":"Klassifisering av legemidler, primært med ATC-koder (Anatomisk Terapeutisk Kjemisk legemiddelregister).","exampleBoolean":false,"groupingId":"-str-extension"},{"extension":[{"url":"http://hl7.org/fhir/tools/StructureDefinition/resource-sort","valueInteger":999999999},{"url":"http://hl7.org/fhir/StructureDefinition/implementationguide-page","valueUri":"StructureDefinition-npr-episode-identifier.html"}],"reference":{"reference":"StructureDefinition/npr-episode-identifier"},"name":"NPR Episode Identifier","description":"Entydig identifikator for episode, brukt ved rapportering til NPR. Kan inneholde både string-basert og UUID-basert identifikator.","exampleBoolean":false,"groupingId":"-str-extension"},{"extension":[{"url":"http://hl7.org/fhir/tools/StructureDefinition/resource-sort","valueInteger":999999999},{"url":"http://hl7.org/fhir/StructureDefinition/implementationguide-page","valueUri":"StructureDefinition-lmdi-prosentvis-doseendring.html"}],"reference":{"reference":"StructureDefinition/lmdi-prosentvis-doseendring"},"name":"Prosentvis doseendring","description":"Doseendring i prosent, sammenlignet med opprinnelig dosering. Spesielt relevant ved kjemoterapi.","exampleBoolean":false,"groupingId":"-str-extension"},{"extension":[{"url":"http://hl7.org/fhir/tools/StructureDefinition/resource-sort","valueInteger":999999999},{"url":"http://hl7.org/fhir/StructureDefinition/implementationguide-page","valueUri":"ValueSet-atc-valueset.html"}],"reference":{"reference":"ValueSet/atc-valueset"},"name":"ATC Kodesystem ValueSet","description":"ValueSet som inneholder koder fra WHO ATC (Anatomisk Terapeutisk Kjemisk legemiddelregister)","exampleBoolean":false,"groupingId":"-term-valueset"},{"extension":[{"url":"http://hl7.org/fhir/tools/StructureDefinition/resource-sort","valueInteger":999999999},{"url":"http://hl7.org/fhir/StructureDefinition/implementationguide-page","valueUri":"ValueSet-legemiddel-koder.html"}],"reference":{"reference":"ValueSet/legemiddel-koder"},"name":"Gyldige legemiddelkoder","description":"ValueSet som inneholder koder fra SNOMED CT og FEST","exampleBoolean":false,"groupingId":"-term-valueset"},{"extension":[{"url":"http://hl7.org/fhir/tools/StructureDefinition/resource-sort","valueInteger":999999999},{"url":"http://hl7.org/fhir/StructureDefinition/implementationguide-page","valueUri":"ValueSet-kommunenummer-alle.html"}],"reference":{"reference":"ValueSet/kommunenummer-alle"},"name":"Kommunenummer ValueSet","description":"Komplett kodeverk for norske kommunenummer (Volven 3402)","exampleBoolean":false,"groupingId":"-term-valueset"},{"extension":[{"url":"http://hl7.org/fhir/tools/StructureDefinition/resource-sort","valueInteger":999999999},{"url":"http://hl7.org/fhir/StructureDefinition/implementationguide-page","valueUri":"ValueSet-lmdi-address-type.html"}],"reference":{"reference":"ValueSet/lmdi-address-type"},"name":"LMDI Address Type","description":"Tillatt verdi for address.type i LMDI: physical","exampleBoolean":false,"groupingId":"-term-valueset"},{"extension":[{"url":"http://hl7.org/fhir/tools/StructureDefinition/resource-sort","valueInteger":999999999},{"url":"http://hl7.org/fhir/StructureDefinition/implementationguide-page","valueUri":"ValueSet-lmdi-address-use.html"}],"reference":{"reference":"ValueSet/lmdi-address-use"},"name":"LMDI Address Use","description":"Tillatte verdier for address.use i LMDI: home, temp, old","exampleBoolean":false,"groupingId":"-term-valueset"},{"extension":[{"url":"http://hl7.org/fhir/tools/StructureDefinition/resource-sort","valueInteger":999999999},{"url":"http://hl7.org/fhir/StructureDefinition/implementationguide-page","valueUri":"ValueSet-LokalLegemiddelkatalogValues.html"}],"reference":{"reference":"ValueSet/LokalLegemiddelkatalogValues"},"name":"Lokal Legemiddelkatalog Values","description":"Gyldige verdier for medlemskapsstatus","exampleBoolean":false,"groupingId":"-term-valueset"},{"extension":[{"url":"http://hl7.org/fhir/tools/StructureDefinition/resource-sort","valueInteger":999999999},{"url":"http://hl7.org/fhir/StructureDefinition/implementationguide-page","valueUri":"ValueSet-lmdi-medicationadministrationstatus.html"}],"reference":{"reference":"ValueSet/lmdi-medicationadministrationstatus"},"name":"Status for legemiddeladministrering","description":"Verdisett som begrenses status til Legemiddeladministrering til henholdsvis 'Gjennomført' eller 'Feilregistrert'.","exampleBoolean":false,"groupingId":"-term-valueset"},{"extension":[{"url":"http://hl7.org/fhir/tools/StructureDefinition/resource-sort","valueInteger":999999999},{"url":"http://hl7.org/fhir/StructureDefinition/implementationguide-page","valueUri":"CodeSystem-kommunenummer-codesystem.html"}],"reference":{"reference":"CodeSystem/kommunenummer-codesystem"},"name":"Kommunenummer CodeSystem","description":"Kodesystem for norske kommunenummer (Volven 3402)","exampleBoolean":false,"groupingId":"-term-codesystem"},{"extension":[{"url":"http://hl7.org/fhir/tools/StructureDefinition/resource-sort","valueInteger":999999999},{"url":"http://hl7.org/fhir/StructureDefinition/implementationguide-page","valueUri":"CodeSystem-LokalLegemiddelkatalogCodeSystem.html"}],"reference":{"reference":"CodeSystem/LokalLegemiddelkatalogCodeSystem"},"name":"Lokal Legemiddelkatalog Codes","description":"Kodesystem for lokal legemiddelkatalog","exampleBoolean":false,"groupingId":"-term-codesystem"},{"extension":[{"url":"http://hl7.org/fhir/tools/StructureDefinition/resource-sort","valueInteger":999999999},{"url":"http://hl7.org/fhir/StructureDefinition/implementationguide-page","valueUri":"NamingSystem-lmdi-lokaltLegemiddel.html"}],"reference":{"reference":"NamingSystem/lmdi-lokaltLegemiddel"},"name":"lmdi-lokaltLegemiddel","description":"Id for angivelse av legemiddel fra lokal legemiddelkatalog","exampleBoolean":false,"groupingId":"-term-namingsystem"},{"extension":[{"url":"http://hl7.org/fhir/tools/StructureDefinition/resource-sort","valueInteger":999999999},{"url":"http://hl7.org/fhir/StructureDefinition/implementationguide-page","valueUri":"NamingSystem-no-basis-fest-legemiddeldose.html"}],"reference":{"reference":"NamingSystem/no-basis-fest-legemiddeldose"},"name":"no-basis-fest-legemiddeldose","description":"FEST-id for dose. Rekvirering av en bestemt merkevare med ID (LMR-nummer) som representerer minste plukkbare enhet, f.eks. 1 ampulle eller 1 tablett.","exampleBoolean":false,"groupingId":"-term-namingsystem"},{"extension":[{"url":"http://hl7.org/fhir/tools/StructureDefinition/resource-sort","valueInteger":999999999},{"url":"http://hl7.org/fhir/StructureDefinition/implementationguide-page","valueUri":"NamingSystem-no-basis-fest-legemiddelmerkevare.html"}],"reference":{"reference":"NamingSystem/no-basis-fest-legemiddelmerkevare"},"name":"no-basis-fest-legemiddelmerkevare","description":"FEST-id for legemiddel merkevare. Rekvirering av en styrke og form av en bestemt merkevare. Pr. 2024 er det ikke lenger ønskelig at det rekvireres på LegemiddelMerkevare.","exampleBoolean":false,"groupingId":"-term-namingsystem"},{"extension":[{"url":"http://hl7.org/fhir/tools/StructureDefinition/resource-sort","valueInteger":999999999},{"url":"http://hl7.org/fhir/StructureDefinition/implementationguide-page","valueUri":"NamingSystem-no-basis-fest-legemiddelpakning.html"}],"reference":{"reference":"NamingSystem/no-basis-fest-legemiddelpakning"},"name":"no-basis-fest-legemiddelpakning","description":"FEST-id for legemiddelpakninger. Rekvirering av en bestemt pakning av en merkevare (varenummer)","exampleBoolean":false,"groupingId":"-term-namingsystem"},{"extension":[{"url":"http://hl7.org/fhir/tools/StructureDefinition/resource-sort","valueInteger":999999999},{"url":"http://hl7.org/fhir/StructureDefinition/implementationguide-page","valueUri":"NamingSystem-no-basis-fest-legemiddelvirkestoff.html"}],"reference":{"reference":"NamingSystem/no-basis-fest-legemiddelvirkestoff"},"name":"no-basis-fest-legemiddelvirkestoff","description":"FEST-id for virkestoff. Benyttes ved virkestoffrekvirering","exampleBoolean":false,"groupingId":"-term-namingsystem"},{"extension":[{"url":"http://hl7.org/fhir/tools/StructureDefinition/resource-sort","valueInteger":999999999},{"url":"http://hl7.org/fhir/StructureDefinition/implementationguide-page","valueUri":"MedicationAdministration-Administrering-1-Oralt.html"}],"reference":{"reference":"MedicationAdministration/Administrering-1-Oralt"},"name":"Administrering-1-Oralt","description":"Eksempel på administrering av legemiddel","exampleCanonical":"http://hl7.no/fhir/ig/lmdi/StructureDefinition/lmdi-medicationadministration","groupingId":"-ex-example"},{"extension":[{"url":"http://hl7.org/fhir/tools/StructureDefinition/resource-sort","valueInteger":999999999},{"url":"http://hl7.org/fhir/StructureDefinition/implementationguide-page","valueUri":"MedicationAdministration-Administrering-10.html"}],"reference":{"reference":"MedicationAdministration/Administrering-10"},"name":"Administrering-10","description":"Utfyllende eksempel, f.eks. om alt rapporteres som én melding. Bruker contained - bundle er å foretrekke for melding.","exampleCanonical":"http://hl7.no/fhir/ig/lmdi/StructureDefinition/lmdi-medicationadministration","groupingId":"-ex-example"},{"extension":[{"url":"http://hl7.org/fhir/tools/StructureDefinition/resource-sort","valueInteger":999999999},{"url":"http://hl7.org/fhir/StructureDefinition/implementationguide-page","valueUri":"MedicationAdministration-Administrering-2-Infusjon.html"}],"reference":{"reference":"MedicationAdministration/Administrering-2-Infusjon"},"name":"Administrering-2-Infusjon","description":"Eksempel på administrering av legemiddel - infusjon","exampleCanonical":"http://hl7.no/fhir/ig/lmdi/StructureDefinition/lmdi-medicationadministration","groupingId":"-ex-example"},{"extension":[{"url":"http://hl7.org/fhir/tools/StructureDefinition/resource-sort","valueInteger":999999999},{"url":"http://hl7.org/fhir/StructureDefinition/implementationguide-page","valueUri":"MedicationAdministration-Administrering-20.html"}],"reference":{"reference":"MedicationAdministration/Administrering-20"},"name":"Administrering-20","description":"Utfyllende eksempel - andre referanser","exampleBoolean":true,"groupingId":"-ex-example"},{"extension":[{"url":"http://hl7.org/fhir/tools/StructureDefinition/resource-sort","valueInteger":999999999},{"url":"http://hl7.org/fhir/StructureDefinition/implementationguide-page","valueUri":"MedicationAdministration-Administrering-30.html"}],"reference":{"reference":"MedicationAdministration/Administrering-30"},"name":"Administrering-30","description":"Utfyllende eksempel - minimalt, logiske referanser","exampleBoolean":true,"groupingId":"-ex-example"},{"extension":[{"url":"http://hl7.org/fhir/tools/StructureDefinition/resource-sort","valueInteger":999999999},{"url":"http://hl7.org/fhir/StructureDefinition/implementationguide-page","valueUri":"Condition-Diagnose-1-ICD10-OID.html"}],"reference":{"reference":"Condition/Diagnose-1-ICD10-OID"},"name":"Diagnose-1-ICD10-OID","description":"Eksempel på diagnose ICD-10","exampleCanonical":"http://hl7.no/fhir/ig/lmdi/StructureDefinition/lmdi-condition","groupingId":"-ex-example"},{"extension":[{"url":"http://hl7.org/fhir/tools/StructureDefinition/resource-sort","valueInteger":999999999},{"url":"http://hl7.org/fhir/StructureDefinition/implementationguide-page","valueUri":"Condition-Diagnose-2-SNOMED-CT.html"}],"reference":{"reference":"Condition/Diagnose-2-SNOMED-CT"},"name":"Diagnose-2-SNOMED-CT","description":"Eksempel på diagnose SNOMED CT og ICD-10","exampleCanonical":"http://hl7.no/fhir/ig/lmdi/StructureDefinition/lmdi-condition","groupingId":"-ex-example"},{"extension":[{"url":"http://hl7.org/fhir/tools/StructureDefinition/resource-sort","valueInteger":999999999},{"url":"http://hl7.org/fhir/StructureDefinition/implementationguide-page","valueUri":"Bundle-LegemiddelregisterBundle-1.html"}],"reference":{"reference":"Bundle/LegemiddelregisterBundle-1"},"name":"Eksempel på LegemiddelregisterBundle med administreringer","description":"Eksempel på en batch-bundle som inneholder to legemiddeladministreringer","exampleCanonical":"http://hl7.no/fhir/ig/lmdi/StructureDefinition/lmdi-bundle","groupingId":"-ex-example"},{"extension":[{"url":"http://hl7.org/fhir/tools/StructureDefinition/resource-sort","valueInteger":999999999},{"url":"http://hl7.org/fhir/StructureDefinition/implementationguide-page","valueUri":"Practitioner-Helsepersonell-1-HPR-nummer.html"}],"reference":{"reference":"Practitioner/Helsepersonell-1-HPR-nummer"},"name":"Helsepersonell-1-HPR-nummer","description":"Eksempel på helsepersonell med HPR-nummer","exampleCanonical":"http://hl7.no/fhir/ig/lmdi/StructureDefinition/lmdi-practitioner","groupingId":"-ex-example"},{"extension":[{"url":"http://hl7.org/fhir/tools/StructureDefinition/resource-sort","valueInteger":999999999},{"url":"http://hl7.org/fhir/StructureDefinition/implementationguide-page","valueUri":"Practitioner-Helsepersonell-2-Uten-HPR.html"}],"reference":{"reference":"Practitioner/Helsepersonell-2-Uten-HPR"},"name":"Helsepersonell-2-Uten-HPR","description":"Eksempel på rekvirent uten HPR-nummer","exampleCanonical":"http://hl7.no/fhir/ig/lmdi/StructureDefinition/lmdi-practitioner","groupingId":"-ex-example"},{"extension":[{"url":"http://hl7.org/fhir/tools/StructureDefinition/resource-sort","valueInteger":999999999},{"url":"http://hl7.org/fhir/StructureDefinition/implementationguide-page","valueUri":"Medication-Medisin-1-LegemiddelDose-Oxycodone.html"}],"reference":{"reference":"Medication/Medisin-1-LegemiddelDose-Oxycodone"},"name":"Medisin-1-LegemiddelDose-Oxycodone","description":"Eksempel på legemiddel","exampleCanonical":"http://hl7.no/fhir/ig/lmdi/StructureDefinition/lmdi-medication","groupingId":"-ex-example"},{"extension":[{"url":"http://hl7.org/fhir/tools/StructureDefinition/resource-sort","valueInteger":999999999},{"url":"http://hl7.org/fhir/StructureDefinition/implementationguide-page","valueUri":"Medication-Medisin-2-Paracetamol.html"}],"reference":{"reference":"Medication/Medisin-2-Paracetamol"},"name":"Medisin-2-Paracetamol","description":"Eksempel på legemiddel - Paracetamol - UTKAST","exampleCanonical":"http://hl7.no/fhir/ig/lmdi/StructureDefinition/lmdi-medication","groupingId":"-ex-example"},{"extension":[{"url":"http://hl7.org/fhir/tools/StructureDefinition/resource-sort","valueInteger":999999999},{"url":"http://hl7.org/fhir/StructureDefinition/implementationguide-page","valueUri":"Medication-Medisin-3-LegemiddelPakning-Monoket.html"}],"reference":{"reference":"Medication/Medisin-3-LegemiddelPakning-Monoket"},"name":"Medisin-3-LegemiddelPakning-Monoket","description":"Eksempel på legemiddel - paking","exampleCanonical":"http://hl7.no/fhir/ig/lmdi/StructureDefinition/lmdi-medication","groupingId":"-ex-example"},{"extension":[{"url":"http://hl7.org/fhir/tools/StructureDefinition/resource-sort","valueInteger":999999999},{"url":"http://hl7.org/fhir/StructureDefinition/implementationguide-page","valueUri":"Organization-Organisasjon-1-Sykehjem.html"}],"reference":{"reference":"Organization/Organisasjon-1-Sykehjem"},"name":"Organisasjon-1-Sykehjem","description":"Eksempel på sykehjem i primærhelsetjenesten","exampleCanonical":"http://hl7.no/fhir/ig/lmdi/StructureDefinition/lmdi-organization","groupingId":"-ex-example"},{"extension":[{"url":"http://hl7.org/fhir/tools/StructureDefinition/resource-sort","valueInteger":999999999},{"url":"http://hl7.org/fhir/StructureDefinition/implementationguide-page","valueUri":"Organization-Organisasjon-2-Avdeling.html"}],"reference":{"reference":"Organization/Organisasjon-2-Avdeling"},"name":"Organisasjon-2-Avdeling","description":"Eksempel på spesialistavdeling","exampleCanonical":"http://hl7.no/fhir/ig/lmdi/StructureDefinition/lmdi-organization","groupingId":"-ex-example"},{"extension":[{"url":"http://hl7.org/fhir/tools/StructureDefinition/resource-sort","valueInteger":999999999},{"url":"http://hl7.org/fhir/StructureDefinition/implementationguide-page","valueUri":"Organization-Organisasjon-3-Sykehus.html"}],"reference":{"reference":"Organization/Organisasjon-3-Sykehus"},"name":"Organisasjon-3-Sykehus","description":"Eksempel på sykehusorganisasjon","exampleCanonical":"http://hl7.no/fhir/ig/lmdi/StructureDefinition/lmdi-organization","groupingId":"-ex-example"},{"extension":[{"url":"http://hl7.org/fhir/tools/StructureDefinition/resource-sort","valueInteger":999999999},{"url":"http://hl7.org/fhir/StructureDefinition/implementationguide-page","valueUri":"Patient-Pasient-1-Uten-FNR.html"}],"reference":{"reference":"Patient/Pasient-1-Uten-FNR"},"name":"Pasient-1-Uten-FNR","description":"Eksempel på pasient med kjønn og fødselsdato","exampleCanonical":"http://hl7.no/fhir/ig/lmdi/StructureDefinition/lmdi-patient","groupingId":"-ex-example"},{"extension":[{"url":"http://hl7.org/fhir/tools/StructureDefinition/resource-sort","valueInteger":999999999},{"url":"http://hl7.org/fhir/StructureDefinition/implementationguide-page","valueUri":"Patient-Pasient-2-FNR.html"}],"reference":{"reference":"Patient/Pasient-2-FNR"},"name":"Pasient-2-FNR","description":"Eksempel på pasient med fødselsnummer","exampleCanonical":"http://hl7.no/fhir/ig/lmdi/StructureDefinition/lmdi-patient","groupingId":"-ex-example"},{"extension":[{"url":"http://hl7.org/fhir/tools/StructureDefinition/resource-sort","valueInteger":999999999},{"url":"http://hl7.org/fhir/StructureDefinition/implementationguide-page","valueUri":"MedicationRequest-Rekvirering-1.html"}],"reference":{"reference":"MedicationRequest/Rekvirering-1"},"name":"Rekvirering-1","description":"Eksempel på legemiddelrekvirering av Paracet","exampleCanonical":"http://hl7.no/fhir/ig/lmdi/StructureDefinition/lmdi-medicationrequest","groupingId":"-ex-example"},{"extension":[{"url":"http://hl7.org/fhir/tools/StructureDefinition/resource-sort","valueInteger":999999999},{"url":"http://hl7.org/fhir/StructureDefinition/implementationguide-page","valueUri":"Patient-eksempel-pasient-1234567890.html"}],"reference":{"reference":"Patient/eksempel-pasient-1234567890"},"name":"eksempel-pasient-1234567890","description":"Eksempel på en pasient","exampleBoolean":true,"groupingId":"-ex-example"}],"page":{"extension":[{"url":"http://hl7.org/fhir/tools/StructureDefinition/ig-page-name","valueUrl":"toc.html"}],"nameUrl":"toc.html","title":"Table of Contents","generation":"html","page":[{"extension":[{"url":"http://hl7.org/fhir/tools/StructureDefinition/ig-page-name","valueUrl":"index.html"}],"nameUrl":"index.html","title":"Hjem","generation":"markdown"},{"extension":[{"url":"http://hl7.org/fhir/tools/StructureDefinition/ig-page-name","valueUrl":"informasjonsmodell.html"}],"nameUrl":"informasjonsmodell.html","title":"Informasjonsmodell","generation":"markdown"},{"extension":[{"url":"http://hl7.org/fhir/tools/StructureDefinition/ig-page-name","valueUrl":"integrasjon.html"}],"nameUrl":"integrasjon.html","title":"Integrasjon","generation":"markdown","page":[{"extension":[{"url":"http://hl7.org/fhir/tools/StructureDefinition/ig-page-name","valueUrl":"SignertKryptertBundle.html"}],"nameUrl":"SignertKryptertBundle.html","title":"SignertKryptertBundle","generation":"markdown"},{"extension":[{"url":"http://hl7.org/fhir/tools/StructureDefinition/ig-page-name","valueUrl":"protokoll.html"}],"nameUrl":"protokoll.html","title":"Protokoll","generation":"markdown"},{"extension":[{"url":"http://hl7.org/fhir/tools/StructureDefinition/ig-page-name","valueUrl":"eksempelkode_cs.html"}],"nameUrl":"eksempelkode_cs.html","title":"C# eksempelkode","generation":"markdown"},{"extension":[{"url":"http://hl7.org/fhir/tools/StructureDefinition/ig-page-name","valueUrl":"eksempelkode_ps1.html"}],"nameUrl":"eksempelkode_ps1.html","title":"Powershell eksempelkode","generation":"markdown"}]},{"extension":[{"url":"http://hl7.org/fhir/tools/StructureDefinition/ig-page-name","valueUrl":"nedlastinger.html"}],"nameUrl":"nedlastinger.html","title":"Nedlastinger","generation":"markdown"},{"extension":[{"url":"http://hl7.org/fhir/tools/StructureDefinition/ig-page-name","valueUrl":"profiler.html"}],"nameUrl":"profiler.html","title":"FHIR-profiler","generation":"markdown"},{"extension":[{"url":"http://hl7.org/fhir/tools/StructureDefinition/ig-page-name","valueUrl":"artifacts.html"}],"nameUrl":"artifacts.html","title":"Artifacts Summary","generation":"html","page":[{"extension":[{"url":"http://hl7.org/fhir/tools/StructureDefinition/ig-page-name","valueUrl":"StructureDefinition-lmdi-condition.html"}],"nameUrl":"StructureDefinition-lmdi-condition.html","title":"Diagnose","generation":"generated"},{"extension":[{"url":"http://hl7.org/fhir/tools/StructureDefinition/ig-page-name","valueUrl":"StructureDefinition-lmdi-encounter.html"}],"nameUrl":"StructureDefinition-lmdi-encounter.html","title":"Episode","generation":"generated"},{"extension":[{"url":"http://hl7.org/fhir/tools/StructureDefinition/ig-page-name","valueUrl":"StructureDefinition-lmdi-practitioner.html"}],"nameUrl":"StructureDefinition-lmdi-practitioner.html","title":"Helsepersonell","generation":"generated"},{"extension":[{"url":"http://hl7.org/fhir/tools/StructureDefinition/ig-page-name","valueUrl":"StructureDefinition-lmdi-medication.html"}],"nameUrl":"StructureDefinition-lmdi-medication.html","title":"Legemiddel","generation":"generated"},{"extension":[{"url":"http://hl7.org/fhir/tools/StructureDefinition/ig-page-name","valueUrl":"StructureDefinition-lmdi-medicationadministration.html"}],"nameUrl":"StructureDefinition-lmdi-medicationadministration.html","title":"Legemiddeladministrering","generation":"generated"},{"extension":[{"url":"http://hl7.org/fhir/tools/StructureDefinition/ig-page-name","valueUrl":"StructureDefinition-lmdi-bundle.html"}],"nameUrl":"StructureDefinition-lmdi-bundle.html","title":"LegemiddelregisterBundle","generation":"generated"},{"extension":[{"url":"http://hl7.org/fhir/tools/StructureDefinition/ig-page-name","valueUrl":"StructureDefinition-lmdi-medicationrequest.html"}],"nameUrl":"StructureDefinition-lmdi-medicationrequest.html","title":"Legemiddelrekvirering","generation":"generated"},{"extension":[{"url":"http://hl7.org/fhir/tools/StructureDefinition/ig-page-name","valueUrl":"StructureDefinition-lmdi-organization.html"}],"nameUrl":"StructureDefinition-lmdi-organization.html","title":"Organisasjon","generation":"generated"},{"extension":[{"url":"http://hl7.org/fhir/tools/StructureDefinition/ig-page-name","valueUrl":"StructureDefinition-lmdi-patient.html"}],"nameUrl":"StructureDefinition-lmdi-patient.html","title":"Pasient","generation":"generated"},{"extension":[{"url":"http://hl7.org/fhir/tools/StructureDefinition/ig-page-name","valueUrl":"StructureDefinition-lmdi-substance.html"}],"nameUrl":"StructureDefinition-lmdi-substance.html","title":"Virkestoff","generation":"generated"},{"extension":[{"url":"http://hl7.org/fhir/tools/StructureDefinition/ig-page-name","valueUrl":"StructureDefinition-lmdi-del-av-behandlingsregime.html"}],"nameUrl":"StructureDefinition-lmdi-del-av-behandlingsregime.html","title":"Del av behandlingsregime","generation":"generated"},{"extension":[{"url":"http://hl7.org/fhir/tools/StructureDefinition/ig-page-name","valueUrl":"StructureDefinition-lmdi-klinisk-studie.html"}],"nameUrl":"StructureDefinition-lmdi-klinisk-studie.html","title":"Klinisk studie","generation":"generated"},{"extension":[{"url":"http://hl7.org/fhir/tools/StructureDefinition/ig-page-name","valueUrl":"StructureDefinition-legemiddel-classification.html"}],"nameUrl":"StructureDefinition-legemiddel-classification.html","title":"Legemiddel Classification","generation":"generated"},{"extension":[{"url":"http://hl7.org/fhir/tools/StructureDefinition/ig-page-name","valueUrl":"StructureDefinition-npr-episode-identifier.html"}],"nameUrl":"StructureDefinition-npr-episode-identifier.html","title":"NPR Episode Identifier","generation":"generated"},{"extension":[{"url":"http://hl7.org/fhir/tools/StructureDefinition/ig-page-name","valueUrl":"StructureDefinition-lmdi-prosentvis-doseendring.html"}],"nameUrl":"StructureDefinition-lmdi-prosentvis-doseendring.html","title":"Prosentvis doseendring","generation":"generated"},{"extension":[{"url":"http://hl7.org/fhir/tools/StructureDefinition/ig-page-name","valueUrl":"ValueSet-atc-valueset.html"}],"nameUrl":"ValueSet-atc-valueset.html","title":"ATC Kodesystem ValueSet","generation":"generated"},{"extension":[{"url":"http://hl7.org/fhir/tools/StructureDefinition/ig-page-name","valueUrl":"ValueSet-legemiddel-koder.html"}],"nameUrl":"ValueSet-legemiddel-koder.html","title":"Gyldige legemiddelkoder","generation":"generated"},{"extension":[{"url":"http://hl7.org/fhir/tools/StructureDefinition/ig-page-name","valueUrl":"ValueSet-kommunenummer-alle.html"}],"nameUrl":"ValueSet-kommunenummer-alle.html","title":"Kommunenummer ValueSet","generation":"generated"},{"extension":[{"url":"http://hl7.org/fhir/tools/StructureDefinition/ig-page-name","valueUrl":"ValueSet-lmdi-address-type.html"}],"nameUrl":"ValueSet-lmdi-address-type.html","title":"LMDI Address Type","generation":"generated"},{"extension":[{"url":"http://hl7.org/fhir/tools/StructureDefinition/ig-page-name","valueUrl":"ValueSet-lmdi-address-use.html"}],"nameUrl":"ValueSet-lmdi-address-use.html","title":"LMDI Address Use","generation":"generated"},{"extension":[{"url":"http://hl7.org/fhir/tools/StructureDefinition/ig-page-name","valueUrl":"ValueSet-LokalLegemiddelkatalogValues.html"}],"nameUrl":"ValueSet-LokalLegemiddelkatalogValues.html","title":"Lokal Legemiddelkatalog Values","generation":"generated"},{"extension":[{"url":"http://hl7.org/fhir/tools/StructureDefinition/ig-page-name","valueUrl":"ValueSet-lmdi-medicationadministrationstatus.html"}],"nameUrl":"ValueSet-lmdi-medicationadministrationstatus.html","title":"Status for legemiddeladministrering","generation":"generated"},{"extension":[{"url":"http://hl7.org/fhir/tools/StructureDefinition/ig-page-name","valueUrl":"CodeSystem-kommunenummer-codesystem.html"}],"nameUrl":"CodeSystem-kommunenummer-codesystem.html","title":"Kommunenummer CodeSystem","generation":"generated"},{"extension":[{"url":"http://hl7.org/fhir/tools/StructureDefinition/ig-page-name","valueUrl":"CodeSystem-LokalLegemiddelkatalogCodeSystem.html"}],"nameUrl":"CodeSystem-LokalLegemiddelkatalogCodeSystem.html","title":"Lokal Legemiddelkatalog Codes","generation":"generated"},{"extension":[{"url":"http://hl7.org/fhir/tools/StructureDefinition/ig-page-name","valueUrl":"NamingSystem-lmdi-lokaltLegemiddel.html"}],"nameUrl":"NamingSystem-lmdi-lokaltLegemiddel.html","title":"lmdi-lokaltLegemiddel","generation":"generated"},{"extension":[{"url":"http://hl7.org/fhir/tools/StructureDefinition/ig-page-name","valueUrl":"NamingSystem-no-basis-fest-legemiddeldose.html"}],"nameUrl":"NamingSystem-no-basis-fest-legemiddeldose.html","title":"no-basis-fest-legemiddeldose","generation":"generated"},{"extension":[{"url":"http://hl7.org/fhir/tools/StructureDefinition/ig-page-name","valueUrl":"NamingSystem-no-basis-fest-legemiddelmerkevare.html"}],"nameUrl":"NamingSystem-no-basis-fest-legemiddelmerkevare.html","title":"no-basis-fest-legemiddelmerkevare","generation":"generated"},{"extension":[{"url":"http://hl7.org/fhir/tools/StructureDefinition/ig-page-name","valueUrl":"NamingSystem-no-basis-fest-legemiddelpakning.html"}],"nameUrl":"NamingSystem-no-basis-fest-legemiddelpakning.html","title":"no-basis-fest-legemiddelpakning","generation":"generated"},{"extension":[{"url":"http://hl7.org/fhir/tools/StructureDefinition/ig-page-name","valueUrl":"NamingSystem-no-basis-fest-legemiddelvirkestoff.html"}],"nameUrl":"NamingSystem-no-basis-fest-legemiddelvirkestoff.html","title":"no-basis-fest-legemiddelvirkestoff","generation":"generated"},{"extension":[{"url":"http://hl7.org/fhir/tools/StructureDefinition/ig-page-name","valueUrl":"MedicationAdministration-Administrering-1-Oralt.html"}],"nameUrl":"MedicationAdministration-Administrering-1-Oralt.html","title":"Administrering-1-Oralt","generation":"generated"},{"extension":[{"url":"http://hl7.org/fhir/tools/StructureDefinition/ig-page-name","valueUrl":"MedicationAdministration-Administrering-10.html"}],"nameUrl":"MedicationAdministration-Administrering-10.html","title":"Administrering-10","generation":"generated"},{"extension":[{"url":"http://hl7.org/fhir/tools/StructureDefinition/ig-page-name","valueUrl":"MedicationAdministration-Administrering-2-Infusjon.html"}],"nameUrl":"MedicationAdministration-Administrering-2-Infusjon.html","title":"Administrering-2-Infusjon","generation":"generated"},{"extension":[{"url":"http://hl7.org/fhir/tools/StructureDefinition/ig-page-name","valueUrl":"MedicationAdministration-Administrering-20.html"}],"nameUrl":"MedicationAdministration-Administrering-20.html","title":"Administrering-20","generation":"generated"},{"extension":[{"url":"http://hl7.org/fhir/tools/StructureDefinition/ig-page-name","valueUrl":"MedicationAdministration-Administrering-30.html"}],"nameUrl":"MedicationAdministration-Administrering-30.html","title":"Administrering-30","generation":"generated"},{"extension":[{"url":"http://hl7.org/fhir/tools/StructureDefinition/ig-page-name","valueUrl":"Condition-Diagnose-1-ICD10-OID.html"}],"nameUrl":"Condition-Diagnose-1-ICD10-OID.html","title":"Diagnose-1-ICD10-OID","generation":"generated"},{"extension":[{"url":"http://hl7.org/fhir/tools/StructureDefinition/ig-page-name","valueUrl":"Condition-Diagnose-2-SNOMED-CT.html"}],"nameUrl":"Condition-Diagnose-2-SNOMED-CT.html","title":"Diagnose-2-SNOMED-CT","generation":"generated"},{"extension":[{"url":"http://hl7.org/fhir/tools/StructureDefinition/ig-page-name","valueUrl":"Bundle-LegemiddelregisterBundle-1.html"}],"nameUrl":"Bundle-LegemiddelregisterBundle-1.html","title":"Eksempel på LegemiddelregisterBundle med administreringer","generation":"generated"},{"extension":[{"url":"http://hl7.org/fhir/tools/StructureDefinition/ig-page-name","valueUrl":"Patient-eksempel-pasient-1234567890.html"}],"nameUrl":"Patient-eksempel-pasient-1234567890.html","title":"eksempel-pasient-1234567890","generation":"generated"},{"extension":[{"url":"http://hl7.org/fhir/tools/StructureDefinition/ig-page-name","valueUrl":"Practitioner-Helsepersonell-1-HPR-nummer.html"}],"nameUrl":"Practitioner-Helsepersonell-1-HPR-nummer.html","title":"Helsepersonell-1-HPR-nummer","generation":"generated"},{"extension":[{"url":"http://hl7.org/fhir/tools/StructureDefinition/ig-page-name","valueUrl":"Practitioner-Helsepersonell-2-Uten-HPR.html"}],"nameUrl":"Practitioner-Helsepersonell-2-Uten-HPR.html","title":"Helsepersonell-2-Uten-HPR","generation":"generated"},{"extension":[{"url":"http://hl7.org/fhir/tools/StructureDefinition/ig-page-name","valueUrl":"Medication-Medisin-1-LegemiddelDose-Oxycodone.html"}],"nameUrl":"Medication-Medisin-1-LegemiddelDose-Oxycodone.html","title":"Medisin-1-LegemiddelDose-Oxycodone","generation":"generated"},{"extension":[{"url":"http://hl7.org/fhir/tools/StructureDefinition/ig-page-name","valueUrl":"Medication-Medisin-2-Paracetamol.html"}],"nameUrl":"Medication-Medisin-2-Paracetamol.html","title":"Medisin-2-Paracetamol","generation":"generated"},{"extension":[{"url":"http://hl7.org/fhir/tools/StructureDefinition/ig-page-name","valueUrl":"Medication-Medisin-3-LegemiddelPakning-Monoket.html"}],"nameUrl":"Medication-Medisin-3-LegemiddelPakning-Monoket.html","title":"Medisin-3-LegemiddelPakning-Monoket","generation":"generated"},{"extension":[{"url":"http://hl7.org/fhir/tools/StructureDefinition/ig-page-name","valueUrl":"Organization-Organisasjon-1-Sykehjem.html"}],"nameUrl":"Organization-Organisasjon-1-Sykehjem.html","title":"Organisasjon-1-Sykehjem","generation":"generated"},{"extension":[{"url":"http://hl7.org/fhir/tools/StructureDefinition/ig-page-name","valueUrl":"Organization-Organisasjon-2-Avdeling.html"}],"nameUrl":"Organization-Organisasjon-2-Avdeling.html","title":"Organisasjon-2-Avdeling","generation":"generated"},{"extension":[{"url":"http://hl7.org/fhir/tools/StructureDefinition/ig-page-name","valueUrl":"Organization-Organisasjon-3-Sykehus.html"}],"nameUrl":"Organization-Organisasjon-3-Sykehus.html","title":"Organisasjon-3-Sykehus","generation":"generated"},{"extension":[{"url":"http://hl7.org/fhir/tools/StructureDefinition/ig-page-name","valueUrl":"Patient-Pasient-1-Uten-FNR.html"}],"nameUrl":"Patient-Pasient-1-Uten-FNR.html","title":"Pasient-1-Uten-FNR","generation":"generated"},{"extension":[{"url":"http://hl7.org/fhir/tools/StructureDefinition/ig-page-name","valueUrl":"Patient-Pasient-2-FNR.html"}],"nameUrl":"Patient-Pasient-2-FNR.html","title":"Pasient-2-FNR","generation":"generated"},{"extension":[{"url":"http://hl7.org/fhir/tools/StructureDefinition/ig-page-name","valueUrl":"MedicationRequest-Rekvirering-1.html"}],"nameUrl":"MedicationRequest-Rekvirering-1.html","title":"Rekvirering-1","generation":"generated"}]}]},"parameter":[{"code":"generate-json","value":"true"},{"code":"generate-xml","value":"false"},{"code":"generate-turtle","value":"false"},{"code":"path-resource","value":"input/capabilities"},{"code":"path-resource","value":"input/examples"},{"code":"path-resource","value":"input/extensions"},{"code":"path-resource","value":"input/models"},{"code":"path-resource","value":"input/operations"},{"code":"path-resource","value":"input/profiles"},{"code":"path-resource","value":"input/resources"},{"code":"path-resource","value":"input/vocabulary"},{"code":"path-resource","value":"input/maps"},{"code":"path-resource","value":"input/testing"},{"code":"path-resource","value":"input/history"},{"code":"path-resource","value":"fsh-generated/resources"},{"code":"path-pages","value":"template/config"},{"code":"path-pages","value":"input/images"},{"code":"path-tx-cache","value":"input-cache/txcache"}]}}