{"resourceType":"ValueSet","id":"lmdi-medicationadministrationstatus","text":{"status":"generated","div":"<div xmlns=\"http://www.w3.org/1999/xhtml\"><p class=\"res-header-id\"><b>Generated Narrative: ValueSet lmdi-medicationadministrationstatus</b></p><a name=\"lmdi-medicationadministrationstatus\"> </a><a name=\"hclmdi-medicationadministrationstatus\"> </a><ul><li>Include these codes as defined in <code>http://hl7.org/fhir/ValueSet/medication-admin-status</code><table class=\"none\"><tr><td style=\"white-space:nowrap\"><b>Code</b></td><td><b>Display</b></td></tr><tr><td>completed</td><td>Gjennomført</td></tr><tr><td>entered-in-error</td><td>Feilregistrert</td></tr></table></li></ul></div>"},"url":"http://hl7.no/fhir/ig/lmdi/ValueSet/lmdi-medicationadministrationstatus","version":"1.0.6","name":"LegemiddeladministreringStatus","title":"Status for legemiddeladministrering","status":"draft","experimental":true,"date":"2025-03-10","publisher":"Folkehelseinstituttet","contact":[{"name":"Folkehelseinstituttet","telecom":[{"system":"url","value":"https://www.fhi.no"}]},{"name":"Legemiddelregisteret","telecom":[{"system":"email","value":"legemiddelregisteret@fhi.no"}]}],"description":"Verdisett som begrenses status til Legemiddeladministrering til henholdsvis 'Gjennomført' eller 'Feilregistrert'.","jurisdiction":[{"coding":[{"system":"urn:iso:std:iso:3166","code":"NO","display":"Norway"}]}],"compose":{"include":[{"system":"http://hl7.org/fhir/ValueSet/medication-admin-status","concept":[{"code":"completed","display":"Gjennomført"},{"code":"entered-in-error","display":"Feilregistrert"}]}]}}