<?xml version="1.0" encoding="UTF-8"?>

<NamingSystem xmlns="http://hl7.org/fhir">
  <id value="no-basis-fest-legemiddelpakning"/>
  <text>
    <status value="generated"/><div xmlns="http://www.w3.org/1999/xhtml"><p class="res-header-id"><b>Generated Narrative: NamingSystem no-basis-fest-legemiddelpakning</b></p><a name="no-basis-fest-legemiddelpakning"> </a><a name="hcno-basis-fest-legemiddelpakning"> </a><a name="no-basis-fest-legemiddelpakning-no"> </a><h3>Summary</h3><table class="grid"><tr><td>Defining URL</td><td>http://hl7.no/fhir/ig/lmdi/NamingSystem/no-basis-fest-legemiddelpakning</td></tr><tr><td>Version</td><td>1.0.2</td></tr><tr><td>Name</td><td>festLegemiddelPakning</td></tr><tr><td>Status</td><td>draft</td></tr><tr><td>Definition</td><td><div><p>FEST-id for legemiddelpakninger. Rekvirering av en bestemt pakning av en merkevare (varenummer)</p>
</div></td></tr><tr><td>Publisher</td><td>Folkehelseinstituttet</td></tr></table><h3>Identifiers</h3><table class="grid"><tr><td><b>Type</b></td><td><b>Value</b></td><td><b>Preferred</b></td></tr><tr><td>URI</td><td>http://dmp.no/fhir/NamingSystem/festLegemiddelPakning</td><td>true</td></tr></table></div>
  </text>
  <extension url="http://hl7.org/fhir/5.0/StructureDefinition/extension-NamingSystem.url">
    <valueUri value="http://hl7.no/fhir/ig/lmdi/NamingSystem/no-basis-fest-legemiddelpakning"/>
  </extension>
  <extension url="http://hl7.org/fhir/5.0/StructureDefinition/extension-NamingSystem.version">
    <valueString value="1.0.2"/>
  </extension>
  <name value="festLegemiddelPakning"/>
  <status value="draft"/>
  <kind value="identifier"/>
  <date value="2024-06-10"/>
  <publisher value="Folkehelseinstituttet"/>
  <contact>
    <name value="Folkehelseinstituttet"/>
    <telecom>
      <system value="url"/>
      <value value="https://www.fhi.no"/>
    </telecom>
  </contact>
  <contact>
    <name value="Legemiddelregisteret"/>
    <telecom>
      <system value="email"/>
      <value value="legemiddelregisteret@fhi.no"/>
    </telecom>
  </contact>
  <responsible value="Direktoratet for medisinske produkter"/>
  <description value="FEST-id for legemiddelpakninger. Rekvirering av en bestemt pakning av en merkevare (varenummer)"/>
  <jurisdiction>
    <coding>
      <system value="urn:iso:std:iso:3166"/>
      <code value="NO"/>
      <display value="Norway"/>
    </coding>
  </jurisdiction>
  <uniqueId>
    <type value="uri"/>
    <value value="http://dmp.no/fhir/NamingSystem/festLegemiddelPakning"/>
    <preferred value="true"/>
  </uniqueId>
</NamingSystem>