<?xml version="1.0" encoding="UTF-8"?>

<CodeSystem xmlns="http://hl7.org/fhir">
  <id value="kommunenummer-codesystem"/>
  <text>
    <status value="generated"/><div xmlns="http://www.w3.org/1999/xhtml"><p class="res-header-id"><b>Generated Narrative: CodeSystem kommunenummer-codesystem</b></p><a name="kommunenummer-codesystem"> </a><a name="hckommunenummer-codesystem"> </a><p>This  code system <code>urn:oid:2.16.578.1.12.4.1.1.3402</code> defines codes, but no codes are represented here</p></div>
  </text>
  <url value="urn:oid:2.16.578.1.12.4.1.1.3402"/>
  <version value="1.0.7"/>
  <name value="KommunenummerCodeSystem"/>
  <title value="Kommunenummer CodeSystem"/>
  <status value="active"/>
  <date value="2025-11-21T14:19:57+00:00"/>
  <publisher value="Folkehelseinstituttet"/>
  <contact>
    <name value="Folkehelseinstituttet"/>
    <telecom>
      <system value="url"/>
      <value value="https://www.fhi.no"/>
    </telecom>
  </contact>
  <contact>
    <name value="Legemiddelregisteret"/>
    <telecom>
      <system value="email"/>
      <value value="legemiddelregisteret@fhi.no"/>
    </telecom>
  </contact>
  <description value="Kodesystem for norske kommunenummer (Volven 3402)"/>
  <jurisdiction>
    <coding>
      <system value="urn:iso:std:iso:3166"/>
      <code value="NO"/>
      <display value="Norway"/>
    </coding>
  </jurisdiction>
  <content value="not-present"/>
</CodeSystem>