{
  "codeSystems" : [
    {
      "url" : "http://hl7.no/fhir/ig/lmdi/CodeSystem/LokalLegemiddelkatalogCodeSystem",
      "version" : "1.0.3",
      "status" : "draft",
      "name" : "LokalLegemiddelkatalogCodeSystem",
      "title" : "Lokal Legemiddelkatalog Codes",
      "description" : "Kodesystem for lokal legemiddelkatalog"
    },
    {
      "url" : "urn:oid:2.16.578.1.12.4.1.1.3402",
      "version" : "1.0.3",
      "status" : "active",
      "name" : "KommunenummerCodeSystem",
      "title" : "Kommunenummer CodeSystem",
      "description" : "Kodesystem for norske kommunenummer (Volven 3402)",
      "oids" : ["2.16.578.1.12.4.1.1.3402"]
    }
  ]
}
