<?xml version="1.0" encoding="UTF-8"?>

<Bundle xmlns="http://hl7.org/fhir">
  <id value="50b4df37-cbca-4b17-b7e0-820f84140849"/>
  <meta>
    <lastUpdated value="2025-03-24T13:14:39.054+00:00"/>
  </meta>
  <type value="collection"/>
  <entry>
    <fullUrl value="http://hl7.no/fhir/ig/lmdi/ValueSet/LokalLegemiddelkatalogValues"/>
    <resource>
      <ValueSet>
        <text>
          <status value="generated"/>
          <div xmlns="http://www.w3.org/1999/xhtml">
            <p class="res-header-id">
              <b>ValueSet </b>
            </p>
            <p style="border: black 1px dotted; background-color: #EEEEEE; padding: 8px; margin-bottom: 8px">Expansion performed internally based on 
              <a href="CodeSystem-LokalLegemiddelkatalogCodeSystem.html">codesystem Lokal Legemiddelkatalog Codes v1.0.0 (CodeSystem)</a>
            </p>
            <p>This value set contains 2 concepts</p>
            <table class="codes">
              <tr>
                <td style="white-space:nowrap">
                  <b>Code</b>
                </td>
                <td>
                  <b>System</b>
                </td>
                <td>
                  <b>Display (no)</b>
                </td>
                <td>
                  <b>Definition</b>
                </td>
              </tr>
              <tr>
                <td style="white-space:nowrap">
                  <a name="x-http://hl7.no/fhir/ig/lmdi/CodeSystem/LokalLegemiddelkatalogCodeSystem-metavisionkatalogFraHso"> </a>  
                  <a href="CodeSystem-LokalLegemiddelkatalogCodeSystem.html#LokalLegemiddelkatalogCodeSystem-metavisionkatalogFraHso">metavisionkatalogFraHso</a>
                </td>
                <td>http://hl7.no/fhir/ig/lmdi/CodeSystem/LokalLegemiddelkatalogCodeSystem</td>
                <td/>
                <td>
                  <div>
                    <p>Metavisionkatalog fra Helse Sør-Øst</p>

                  </div>
                </td>
              </tr>
              <tr>
                <td style="white-space:nowrap">
                  <a name="x-http://hl7.no/fhir/ig/lmdi/CodeSystem/LokalLegemiddelkatalogCodeSystem-metavisionkatalogFraHN"> </a>  
                  <a href="CodeSystem-LokalLegemiddelkatalogCodeSystem.html#LokalLegemiddelkatalogCodeSystem-metavisionkatalogFraHN">metavisionkatalogFraHN</a>
                </td>
                <td>http://hl7.no/fhir/ig/lmdi/CodeSystem/LokalLegemiddelkatalogCodeSystem</td>
                <td/>
                <td>
                  <div>
                    <p>Metavisionkatalog fra Helse Nord</p>

                  </div>
                </td>
              </tr>
            </table>
          </div>
        </text>
        <url value="http://hl7.no/fhir/ig/lmdi/ValueSet/LokalLegemiddelkatalogValues"/>
        <version value="1.0.0"/>
        <name value="LokalLegemiddelkatalogValues"/>
        <title value="Lokal Legemiddelkatalog Values"/>
        <status value="draft"/>
        <date value="2025-03-24T13:14:04+00:00"/>
        <jurisdiction>
          <coding>
            <system value="urn:iso:std:iso:3166"/>
            <code value="NO"/>
            <display value="Norway"/>
          </coding>
        </jurisdiction>
        <expansion>
          <identifier value="urn:uuid:13a0445c-739a-4a90-b14a-f82bd59e3eaa"/>
          <timestamp value="2025-03-24T13:15:05+00:00"/>
          <total value="2"/>
          <offset value="0"/>
          <parameter>
            <name value="displayLanguage"/>
            <valueCode value="no"/>
          </parameter>
          <parameter>
            <name value="count"/>
            <valueInteger value="1000"/>
          </parameter>
          <parameter>
            <name value="offset"/>
            <valueInteger value="0"/>
          </parameter>
          <parameter>
            <name value="excludeNested"/>
            <valueBoolean value="false"/>
          </parameter>
          <parameter>
            <name value="used-codesystem"/>
            <valueUri value="http://hl7.no/fhir/ig/lmdi/CodeSystem/LokalLegemiddelkatalogCodeSystem|1.0.0"/>
          </parameter>
          <contains>
            <system value="http://hl7.no/fhir/ig/lmdi/CodeSystem/LokalLegemiddelkatalogCodeSystem"/>
            <code value="metavisionkatalogFraHso"/>
          </contains>
          <contains>
            <system value="http://hl7.no/fhir/ig/lmdi/CodeSystem/LokalLegemiddelkatalogCodeSystem"/>
            <code value="metavisionkatalogFraHN"/>
          </contains>
        </expansion>
      </ValueSet>
    </resource>
  </entry>
</Bundle>