<?xml version="1.0" encoding="UTF-8"?>

<ImplementationGuide xmlns="http://hl7.org/fhir">
  <id value="hl7.fhir.no.lmdi"/>
  <language value="no"/>
  <text>
    <status value="generated"/><div xmlns="http://www.w3.org/1999/xhtml" xml:lang="no" lang="no"><p class="res-header-id"><b>Generated Narrative: ImplementationGuide hl7.fhir.no.lmdi</b></p><a name="hl7.fhir.no.lmdi"> </a><a name="hchl7.fhir.no.lmdi"> </a><a name="hl7.fhir.no.lmdi-no"> </a><div style="display: inline-block; background-color: #d9e0e7; padding: 6px; margin: 4px; border: 1px solid #8da1b4; border-radius: 5px; line-height: 60%"><p style="margin-bottom: 0px">Language: no</p></div><h2>Lmdi</h2><p>The official URL for this implementation guide is: </p><pre>http://hl7.no/fhir/ig/lmdi/ImplementationGuide/hl7.fhir.no.lmdi</pre><div><p>Denne implementasjongguiden beskriver hvordan institusjoner skal overføre data om legemiddelbruk i institusjoner til Legemiddelregisteret</p>
</div></div>
  </text>
  <url value="http://hl7.no/fhir/ig/lmdi/ImplementationGuide/hl7.fhir.no.lmdi"/>
  <version value="1.0.4"/>
  <name value="Lmdi"/>
  <title value="Legemiddeldata fra institusjon til Legemiddelregisteret"/>
  <status value="draft"/>
  <date value="2025-05-30"/>
  <publisher value="Folkehelseinstituttet"/>
  <contact>
    <name value="Folkehelseinstituttet"/>
    <telecom>
      <system value="url"/>
      <value value="https://www.fhi.no"/>
    </telecom>
  </contact>
  <contact>
    <name value="Legemiddelregisteret"/>
    <telecom>
      <system value="email"/>
      <value value="legemiddelregisteret@fhi.no"/>
    </telecom>
  </contact>
  <description value="Denne implementasjongguiden beskriver hvordan institusjoner skal overføre data om legemiddelbruk i institusjoner til Legemiddelregisteret"/>
  <jurisdiction>
    <coding>
      <system value="urn:iso:std:iso:3166"/>
      <code value="NO"/>
      <display value="Norway"/>
    </coding>
  </jurisdiction>
  <packageId value="hl7.fhir.no.lmdi"/>
  <license value="CC-BY-4.0"/>
  <fhirVersion value="4.0.1"/>
  <dependsOn id="hl7tx">
    <extension url="http://hl7.org/fhir/tools/StructureDefinition/implementationguide-dependency-comment">
      <valueMarkdown value="Automatically added as a dependency - all IGs depend on HL7 Terminology"/>
    </extension>
    <uri value="http://terminology.hl7.org/ImplementationGuide/hl7.terminology"/>
    <packageId value="hl7.terminology.r4"/>
    <version value="6.3.0"/>
  </dependsOn>
  <dependsOn id="hl7ext">
    <extension url="http://hl7.org/fhir/tools/StructureDefinition/implementationguide-dependency-comment">
      <valueMarkdown value="Automatically added as a dependency - all IGs depend on the HL7 Extension Pack"/>
    </extension>
    <uri value="http://hl7.org/fhir/extensions/ImplementationGuide/hl7.fhir.uv.extensions"/>
    <packageId value="hl7.fhir.uv.extensions.r4"/>
    <version value="5.2.0"/>
  </dependsOn>
  <definition>
    <extension url="http://hl7.org/fhir/tools/StructureDefinition/ig-parameter">
      <extension url="code">
        <valueString value="copyrightyear"/>
      </extension>
      <extension url="value">
        <valueString value="2024+"/>
      </extension>
    </extension>
    <extension url="http://hl7.org/fhir/tools/StructureDefinition/ig-parameter">
      <extension url="code">
        <valueString value="releaselabel"/>
      </extension>
      <extension url="value">
        <valueString value="ci-build"/>
      </extension>
    </extension>
    <extension url="http://hl7.org/fhir/tools/StructureDefinition/ig-parameter">
      <extension url="code">
        <valueString value="path-assets"/>
      </extension>
      <extension url="value">
        <valueString value="input/assets"/>
      </extension>
    </extension>
    <extension url="http://hl7.org/fhir/tools/StructureDefinition/ig-parameter">
      <extension url="code">
        <valueString value="apply-contact"/>
      </extension>
      <extension url="value">
        <valueString value="true"/>
      </extension>
    </extension>
    <extension url="http://hl7.org/fhir/tools/StructureDefinition/ig-parameter">
      <extension url="code">
        <valueString value="apply-jurisdiction"/>
      </extension>
      <extension url="value">
        <valueString value="true"/>
      </extension>
    </extension>
    <extension url="http://hl7.org/fhir/tools/StructureDefinition/ig-parameter">
      <extension url="code">
        <valueString value="autoload-resources"/>
      </extension>
      <extension url="value">
        <valueString value="true"/>
      </extension>
    </extension>
    <extension url="http://hl7.org/fhir/tools/StructureDefinition/ig-parameter">
      <extension url="code">
        <valueString value="path-liquid"/>
      </extension>
      <extension url="value">
        <valueString value="template/liquid"/>
      </extension>
    </extension>
    <extension url="http://hl7.org/fhir/tools/StructureDefinition/ig-parameter">
      <extension url="code">
        <valueString value="path-liquid"/>
      </extension>
      <extension url="value">
        <valueString value="input/liquid"/>
      </extension>
    </extension>
    <extension url="http://hl7.org/fhir/tools/StructureDefinition/ig-parameter">
      <extension url="code">
        <valueString value="path-qa"/>
      </extension>
      <extension url="value">
        <valueString value="temp/qa"/>
      </extension>
    </extension>
    <extension url="http://hl7.org/fhir/tools/StructureDefinition/ig-parameter">
      <extension url="code">
        <valueString value="path-temp"/>
      </extension>
      <extension url="value">
        <valueString value="temp/pages"/>
      </extension>
    </extension>
    <extension url="http://hl7.org/fhir/tools/StructureDefinition/ig-parameter">
      <extension url="code">
        <valueString value="path-output"/>
      </extension>
      <extension url="value">
        <valueString value="output"/>
      </extension>
    </extension>
    <extension url="http://hl7.org/fhir/tools/StructureDefinition/ig-parameter">
      <extension url="code">
        <valueString value="path-suppressed-warnings"/>
      </extension>
      <extension url="value">
        <valueString value="input/ignoreWarnings.txt"/>
      </extension>
    </extension>
    <extension url="http://hl7.org/fhir/tools/StructureDefinition/ig-parameter">
      <extension url="code">
        <valueString value="path-history"/>
      </extension>
      <extension url="value">
        <valueString value="http://hl7.no/fhir/ig/lmdi/history.html"/>
      </extension>
    </extension>
    <extension url="http://hl7.org/fhir/tools/StructureDefinition/ig-parameter">
      <extension url="code">
        <valueString value="template-html"/>
      </extension>
      <extension url="value">
        <valueString value="template-page.html"/>
      </extension>
    </extension>
    <extension url="http://hl7.org/fhir/tools/StructureDefinition/ig-parameter">
      <extension url="code">
        <valueString value="template-md"/>
      </extension>
      <extension url="value">
        <valueString value="template-page-md.html"/>
      </extension>
    </extension>
    <extension url="http://hl7.org/fhir/tools/StructureDefinition/ig-parameter">
      <extension url="code">
        <valueString value="apply-context"/>
      </extension>
      <extension url="value">
        <valueString value="true"/>
      </extension>
    </extension>
    <extension url="http://hl7.org/fhir/tools/StructureDefinition/ig-parameter">
      <extension url="code">
        <valueString value="apply-copyright"/>
      </extension>
      <extension url="value">
        <valueString value="true"/>
      </extension>
    </extension>
    <extension url="http://hl7.org/fhir/tools/StructureDefinition/ig-parameter">
      <extension url="code">
        <valueString value="apply-license"/>
      </extension>
      <extension url="value">
        <valueString value="true"/>
      </extension>
    </extension>
    <extension url="http://hl7.org/fhir/tools/StructureDefinition/ig-parameter">
      <extension url="code">
        <valueString value="apply-publisher"/>
      </extension>
      <extension url="value">
        <valueString value="true"/>
      </extension>
    </extension>
    <extension url="http://hl7.org/fhir/tools/StructureDefinition/ig-parameter">
      <extension url="code">
        <valueString value="apply-version"/>
      </extension>
      <extension url="value">
        <valueString value="true"/>
      </extension>
    </extension>
    <extension url="http://hl7.org/fhir/tools/StructureDefinition/ig-parameter">
      <extension url="code">
        <valueString value="apply-wg"/>
      </extension>
      <extension url="value">
        <valueString value="true"/>
      </extension>
    </extension>
    <extension url="http://hl7.org/fhir/tools/StructureDefinition/ig-parameter">
      <extension url="code">
        <valueString value="active-tables"/>
      </extension>
      <extension url="value">
        <valueString value="true"/>
      </extension>
    </extension>
    <extension url="http://hl7.org/fhir/tools/StructureDefinition/ig-parameter">
      <extension url="code">
        <valueString value="fmm-definition"/>
      </extension>
      <extension url="value">
        <valueString value="http://hl7.org/fhir/versions.html#maturity"/>
      </extension>
    </extension>
    <extension url="http://hl7.org/fhir/tools/StructureDefinition/ig-parameter">
      <extension url="code">
        <valueString value="propagate-status"/>
      </extension>
      <extension url="value">
        <valueString value="true"/>
      </extension>
    </extension>
    <extension url="http://hl7.org/fhir/tools/StructureDefinition/ig-parameter">
      <extension url="code">
        <valueString value="excludelogbinaryformat"/>
      </extension>
      <extension url="value">
        <valueString value="true"/>
      </extension>
    </extension>
    <extension url="http://hl7.org/fhir/tools/StructureDefinition/ig-parameter">
      <extension url="code">
        <valueString value="tabbed-snapshots"/>
      </extension>
      <extension url="value">
        <valueString value="true"/>
      </extension>
    </extension>
    <extension url="http://hl7.org/fhir/tools/StructureDefinition/ig-internal-dependency">
      <valueCode value="hl7.fhir.uv.tools.r4#0.5.0"/>
    </extension>
    <extension url="http://hl7.org/fhir/tools/StructureDefinition/ig-parameter">
      <extension url="code">
        <valueCode value="copyrightyear"/>
      </extension>
      <extension url="value">
        <valueString value="2024+"/>
      </extension>
    </extension>
    <extension url="http://hl7.org/fhir/tools/StructureDefinition/ig-parameter">
      <extension url="code">
        <valueCode value="releaselabel"/>
      </extension>
      <extension url="value">
        <valueString value="ci-build"/>
      </extension>
    </extension>
    <extension url="http://hl7.org/fhir/tools/StructureDefinition/ig-parameter">
      <extension url="code">
        <valueCode value="path-assets"/>
      </extension>
      <extension url="value">
        <valueString value="input/assets"/>
      </extension>
    </extension>
    <extension url="http://hl7.org/fhir/tools/StructureDefinition/ig-parameter">
      <extension url="code">
        <valueCode value="apply-contact"/>
      </extension>
      <extension url="value">
        <valueString value="true"/>
      </extension>
    </extension>
    <extension url="http://hl7.org/fhir/tools/StructureDefinition/ig-parameter">
      <extension url="code">
        <valueCode value="apply-jurisdiction"/>
      </extension>
      <extension url="value">
        <valueString value="true"/>
      </extension>
    </extension>
    <extension url="http://hl7.org/fhir/tools/StructureDefinition/ig-parameter">
      <extension url="code">
        <valueCode value="autoload-resources"/>
      </extension>
      <extension url="value">
        <valueString value="true"/>
      </extension>
    </extension>
    <extension url="http://hl7.org/fhir/tools/StructureDefinition/ig-parameter">
      <extension url="code">
        <valueCode value="path-liquid"/>
      </extension>
      <extension url="value">
        <valueString value="template/liquid"/>
      </extension>
    </extension>
    <extension url="http://hl7.org/fhir/tools/StructureDefinition/ig-parameter">
      <extension url="code">
        <valueCode value="path-liquid"/>
      </extension>
      <extension url="value">
        <valueString value="input/liquid"/>
      </extension>
    </extension>
    <extension url="http://hl7.org/fhir/tools/StructureDefinition/ig-parameter">
      <extension url="code">
        <valueCode value="path-qa"/>
      </extension>
      <extension url="value">
        <valueString value="temp/qa"/>
      </extension>
    </extension>
    <extension url="http://hl7.org/fhir/tools/StructureDefinition/ig-parameter">
      <extension url="code">
        <valueCode value="path-temp"/>
      </extension>
      <extension url="value">
        <valueString value="temp/pages"/>
      </extension>
    </extension>
    <extension url="http://hl7.org/fhir/tools/StructureDefinition/ig-parameter">
      <extension url="code">
        <valueCode value="path-output"/>
      </extension>
      <extension url="value">
        <valueString value="output"/>
      </extension>
    </extension>
    <extension url="http://hl7.org/fhir/tools/StructureDefinition/ig-parameter">
      <extension url="code">
        <valueCode value="path-suppressed-warnings"/>
      </extension>
      <extension url="value">
        <valueString value="input/ignoreWarnings.txt"/>
      </extension>
    </extension>
    <extension url="http://hl7.org/fhir/tools/StructureDefinition/ig-parameter">
      <extension url="code">
        <valueCode value="path-history"/>
      </extension>
      <extension url="value">
        <valueString value="http://hl7.no/fhir/ig/lmdi/history.html"/>
      </extension>
    </extension>
    <extension url="http://hl7.org/fhir/tools/StructureDefinition/ig-parameter">
      <extension url="code">
        <valueCode value="template-html"/>
      </extension>
      <extension url="value">
        <valueString value="template-page.html"/>
      </extension>
    </extension>
    <extension url="http://hl7.org/fhir/tools/StructureDefinition/ig-parameter">
      <extension url="code">
        <valueCode value="template-md"/>
      </extension>
      <extension url="value">
        <valueString value="template-page-md.html"/>
      </extension>
    </extension>
    <extension url="http://hl7.org/fhir/tools/StructureDefinition/ig-parameter">
      <extension url="code">
        <valueCode value="apply-context"/>
      </extension>
      <extension url="value">
        <valueString value="true"/>
      </extension>
    </extension>
    <extension url="http://hl7.org/fhir/tools/StructureDefinition/ig-parameter">
      <extension url="code">
        <valueCode value="apply-copyright"/>
      </extension>
      <extension url="value">
        <valueString value="true"/>
      </extension>
    </extension>
    <extension url="http://hl7.org/fhir/tools/StructureDefinition/ig-parameter">
      <extension url="code">
        <valueCode value="apply-license"/>
      </extension>
      <extension url="value">
        <valueString value="true"/>
      </extension>
    </extension>
    <extension url="http://hl7.org/fhir/tools/StructureDefinition/ig-parameter">
      <extension url="code">
        <valueCode value="apply-publisher"/>
      </extension>
      <extension url="value">
        <valueString value="true"/>
      </extension>
    </extension>
    <extension url="http://hl7.org/fhir/tools/StructureDefinition/ig-parameter">
      <extension url="code">
        <valueCode value="apply-version"/>
      </extension>
      <extension url="value">
        <valueString value="true"/>
      </extension>
    </extension>
    <extension url="http://hl7.org/fhir/tools/StructureDefinition/ig-parameter">
      <extension url="code">
        <valueCode value="apply-wg"/>
      </extension>
      <extension url="value">
        <valueString value="true"/>
      </extension>
    </extension>
    <extension url="http://hl7.org/fhir/tools/StructureDefinition/ig-parameter">
      <extension url="code">
        <valueCode value="active-tables"/>
      </extension>
      <extension url="value">
        <valueString value="true"/>
      </extension>
    </extension>
    <extension url="http://hl7.org/fhir/tools/StructureDefinition/ig-parameter">
      <extension url="code">
        <valueCode value="fmm-definition"/>
      </extension>
      <extension url="value">
        <valueString value="http://hl7.org/fhir/versions.html#maturity"/>
      </extension>
    </extension>
    <extension url="http://hl7.org/fhir/tools/StructureDefinition/ig-parameter">
      <extension url="code">
        <valueCode value="propagate-status"/>
      </extension>
      <extension url="value">
        <valueString value="true"/>
      </extension>
    </extension>
    <extension url="http://hl7.org/fhir/tools/StructureDefinition/ig-parameter">
      <extension url="code">
        <valueCode value="excludelogbinaryformat"/>
      </extension>
      <extension url="value">
        <valueString value="true"/>
      </extension>
    </extension>
    <extension url="http://hl7.org/fhir/tools/StructureDefinition/ig-parameter">
      <extension url="code">
        <valueCode value="tabbed-snapshots"/>
      </extension>
      <extension url="value">
        <valueString value="true"/>
      </extension>
    </extension>
    <resource>
      <extension url="http://hl7.org/fhir/tools/StructureDefinition/resource-information">
        <valueString value="MedicationAdministration"/>
      </extension>
      <reference>
        <reference value="MedicationAdministration/Administrering-1-Oralt"/>
      </reference>
      <name value="Administrering-1-Oralt"/>
      <description value="Eksempel på administrering av legemiddel"/>
      <exampleCanonical value="http://hl7.no/fhir/ig/lmdi/StructureDefinition/lmdi-medicationadministration"/>
    </resource>
    <resource>
      <extension url="http://hl7.org/fhir/tools/StructureDefinition/resource-information">
        <valueString value="MedicationAdministration"/>
      </extension>
      <reference>
        <reference value="MedicationAdministration/Administrering-10"/>
      </reference>
      <name value="Administrering-10"/>
      <description value="Utfyllende eksempel, f.eks. om alt rapporteres som én melding. Bruker contained - bundle er å foretrekke for melding."/>
      <exampleCanonical value="http://hl7.no/fhir/ig/lmdi/StructureDefinition/lmdi-medicationadministration"/>
    </resource>
    <resource>
      <extension url="http://hl7.org/fhir/tools/StructureDefinition/resource-information">
        <valueString value="MedicationAdministration"/>
      </extension>
      <reference>
        <reference value="MedicationAdministration/Administrering-2-Infusjon"/>
      </reference>
      <name value="Administrering-2-Infusjon"/>
      <description value="Eksempel på administrering av legemiddel - infusjon"/>
      <exampleCanonical value="http://hl7.no/fhir/ig/lmdi/StructureDefinition/lmdi-medicationadministration"/>
    </resource>
    <resource>
      <extension url="http://hl7.org/fhir/tools/StructureDefinition/resource-information">
        <valueString value="MedicationAdministration"/>
      </extension>
      <reference>
        <reference value="MedicationAdministration/Administrering-20"/>
      </reference>
      <name value="Administrering-20"/>
      <description value="Utfyllende eksempel - andre referanser"/>
      <exampleBoolean value="true"/>
    </resource>
    <resource>
      <extension url="http://hl7.org/fhir/tools/StructureDefinition/resource-information">
        <valueString value="MedicationAdministration"/>
      </extension>
      <reference>
        <reference value="MedicationAdministration/Administrering-30"/>
      </reference>
      <name value="Administrering-30"/>
      <description value="Utfyllende eksempel - minimalt, logiske referanser"/>
      <exampleBoolean value="true"/>
    </resource>
    <resource>
      <extension url="http://hl7.org/fhir/tools/StructureDefinition/resource-information">
        <valueString value="ValueSet"/>
      </extension>
      <reference>
        <reference value="ValueSet/atc-valueset"/>
      </reference>
      <name value="ATC Kodesystem ValueSet"/>
      <description value="ValueSet som inneholder koder fra WHO ATC (Anatomisk Terapeutisk Kjemisk legemiddelregister)"/>
      <exampleBoolean value="false"/>
    </resource>
    <resource>
      <extension url="http://hl7.org/fhir/tools/StructureDefinition/resource-information">
        <valueString value="StructureDefinition:extension"/>
      </extension>
      <reference>
        <reference value="StructureDefinition/lmdi-del-av-behandlingsregime"/>
      </reference>
      <name value="Del av behandlingsregime"/>
      <description value="Navnet på kuren, behandlingsregimet eller protokollen legemidlet gis som en del av. Spesielt relevant ved kjemoterapi."/>
      <exampleBoolean value="false"/>
    </resource>
    <resource>
      <extension url="http://hl7.org/fhir/tools/StructureDefinition/resource-information">
        <valueString value="StructureDefinition:resource"/>
      </extension>
      <reference>
        <reference value="StructureDefinition/lmdi-condition"/>
      </reference>
      <name value="Diagnose"/>
      <description value="Diagnosen som pasienten har fått rekvirert eller administrert legemiddelet for."/>
      <exampleBoolean value="false"/>
    </resource>
    <resource>
      <extension url="http://hl7.org/fhir/tools/StructureDefinition/resource-information">
        <valueString value="Condition"/>
      </extension>
      <reference>
        <reference value="Condition/Diagnose-1-ICD10-OID"/>
      </reference>
      <name value="Diagnose-1-ICD10-OID"/>
      <description value="Eksempel på diagnose ICD-10"/>
      <exampleCanonical value="http://hl7.no/fhir/ig/lmdi/StructureDefinition/lmdi-condition"/>
    </resource>
    <resource>
      <extension url="http://hl7.org/fhir/tools/StructureDefinition/resource-information">
        <valueString value="Condition"/>
      </extension>
      <reference>
        <reference value="Condition/Diagnose-2-SNOMED-CT"/>
      </reference>
      <name value="Diagnose-2-SNOMED-CT"/>
      <description value="Eksempel på diagnose SNOMED CT og ICD-10"/>
      <exampleCanonical value="http://hl7.no/fhir/ig/lmdi/StructureDefinition/lmdi-condition"/>
    </resource>
    <resource>
      <extension url="http://hl7.org/fhir/tools/StructureDefinition/resource-information">
        <valueString value="Bundle"/>
      </extension>
      <reference>
        <reference value="Bundle/LegemiddelregisterBundle-1"/>
      </reference>
      <name value="Eksempel på LegemiddelregisterBundle med administreringer"/>
      <description value="Eksempel på en batch-bundle som inneholder to legemiddeladministreringer"/>
      <exampleCanonical value="http://hl7.no/fhir/ig/lmdi/StructureDefinition/lmdi-bundle"/>
    </resource>
    <resource>
      <extension url="http://hl7.org/fhir/tools/StructureDefinition/resource-information">
        <valueString value="Patient"/>
      </extension>
      <reference>
        <reference value="Patient/eksempel-pasient-1234567890"/>
      </reference>
      <name value="eksempel-pasient-1234567890"/>
      <description value="Eksempel på en pasient"/>
      <exampleBoolean value="true"/>
    </resource>
    <resource>
      <extension url="http://hl7.org/fhir/tools/StructureDefinition/resource-information">
        <valueString value="StructureDefinition:resource"/>
      </extension>
      <reference>
        <reference value="StructureDefinition/lmdi-encounter"/>
      </reference>
      <name value="Episode"/>
      <description value="Profil for en behandlingsepisode basert på Encounter-ressursen i FHIR. Denne profilen representerer et klinisk møte eller en behandling i helsevesenet, med fokus på organisatorisk tilhørighet."/>
      <exampleBoolean value="false"/>
    </resource>
    <resource>
      <extension url="http://hl7.org/fhir/tools/StructureDefinition/resource-information">
        <valueString value="ValueSet"/>
      </extension>
      <reference>
        <reference value="ValueSet/legemiddel-koder"/>
      </reference>
      <name value="Gyldige legemiddelkoder"/>
      <description value="ValueSet som inneholder koder fra SNOMED CT og FEST"/>
      <exampleBoolean value="false"/>
    </resource>
    <resource>
      <extension url="http://hl7.org/fhir/tools/StructureDefinition/resource-information">
        <valueString value="StructureDefinition:resource"/>
      </extension>
      <reference>
        <reference value="StructureDefinition/lmdi-practitioner"/>
      </reference>
      <name value="Helsepersonell"/>
      <description value="Helsepersonell som har rekvirert legemidlet"/>
      <exampleBoolean value="false"/>
    </resource>
    <resource>
      <extension url="http://hl7.org/fhir/tools/StructureDefinition/resource-information">
        <valueString value="Practitioner"/>
      </extension>
      <reference>
        <reference value="Practitioner/Helsepersonell-1-HPR-nummer"/>
      </reference>
      <name value="Helsepersonell-1-HPR-nummer"/>
      <description value="Eksempel på helsepersonell med HPR-nummer"/>
      <exampleCanonical value="http://hl7.no/fhir/ig/lmdi/StructureDefinition/lmdi-practitioner"/>
    </resource>
    <resource>
      <extension url="http://hl7.org/fhir/tools/StructureDefinition/resource-information">
        <valueString value="StructureDefinition:extension"/>
      </extension>
      <reference>
        <reference value="StructureDefinition/lmdi-klinisk-studie"/>
      </reference>
      <name value="Klinisk studie"/>
      <description value="Angir om legemidlet gis som en del av en klinisk studie."/>
      <exampleBoolean value="false"/>
    </resource>
    <resource>
      <extension url="http://hl7.org/fhir/tools/StructureDefinition/resource-information">
        <valueString value="CodeSystem"/>
      </extension>
      <reference>
        <reference value="CodeSystem/kommunenummer-codesystem"/>
      </reference>
      <name value="Kommunenummer CodeSystem"/>
      <description value="Kodesystem for norske kommunenummer (Volven 3402)"/>
      <exampleBoolean value="false"/>
    </resource>
    <resource>
      <extension url="http://hl7.org/fhir/tools/StructureDefinition/resource-information">
        <valueString value="ValueSet"/>
      </extension>
      <reference>
        <reference value="ValueSet/kommunenummer-alle"/>
      </reference>
      <name value="Kommunenummer ValueSet"/>
      <description value="Komplett kodeverk for norske kommunenummer (Volven 3402)"/>
      <exampleBoolean value="false"/>
    </resource>
    <resource>
      <extension url="http://hl7.org/fhir/tools/StructureDefinition/resource-information">
        <valueString value="StructureDefinition:resource"/>
      </extension>
      <reference>
        <reference value="StructureDefinition/lmdi-medication"/>
      </reference>
      <name value="Legemiddel"/>
      <description value="Beskrivelse av legemiddel."/>
      <exampleBoolean value="false"/>
    </resource>
    <resource>
      <extension url="http://hl7.org/fhir/tools/StructureDefinition/resource-information">
        <valueString value="StructureDefinition:extension"/>
      </extension>
      <reference>
        <reference value="StructureDefinition/legemiddel-classification"/>
      </reference>
      <name value="Legemiddel Classification"/>
      <description value="Klassifisering av legemidler, primært med ATC-koder (Anatomisk Terapeutisk Kjemisk legemiddelregister)."/>
      <exampleBoolean value="false"/>
    </resource>
    <resource>
      <extension url="http://hl7.org/fhir/tools/StructureDefinition/resource-information">
        <valueString value="StructureDefinition:resource"/>
      </extension>
      <reference>
        <reference value="StructureDefinition/lmdi-medicationadministration"/>
      </reference>
      <name value="Legemiddeladministrering"/>
      <description value="Beskriver administrering av legemiddel til pasient på institusjon.&#xA;&#xA;Dette er kjerneressursen for denne implementasjonsguiden. Den peker videre legemiddelet som ble gitt, pasienten som har fått administrert legemiddel, på hvilken institusjon det skjedde, tidspunkt for administrering, hvem som utførte den (helsepersonell eller rolle ved institusjon) og dose med eventuell administrasjonsvei."/>
      <exampleBoolean value="false"/>
    </resource>
    <resource>
      <extension url="http://hl7.org/fhir/tools/StructureDefinition/resource-information">
        <valueString value="StructureDefinition:resource"/>
      </extension>
      <reference>
        <reference value="StructureDefinition/lmdi-bundle"/>
      </reference>
      <name value="LegemiddelregisterBundle"/>
      <description value="Profil av Bundle for Legemiddelregisteret. Støtter bare transaction-type og POST-operasjoner, med begrensninger på tillatte ressurstyper."/>
      <exampleBoolean value="false"/>
    </resource>
    <resource>
      <extension url="http://hl7.org/fhir/tools/StructureDefinition/resource-information">
        <valueString value="StructureDefinition:resource"/>
      </extension>
      <reference>
        <reference value="StructureDefinition/lmdi-medicationrequest"/>
      </reference>
      <name value="Legemiddelrekvirering"/>
      <description value="Legemiddelrekvirering - ordinering eller annen rekvirering av legemiddel"/>
      <exampleBoolean value="false"/>
    </resource>
    <resource>
      <extension url="http://hl7.org/fhir/tools/StructureDefinition/resource-information">
        <valueString value="NamingSystem"/>
      </extension>
      <reference>
        <reference value="NamingSystem/lmdi-lokaltLegemiddel"/>
      </reference>
      <name value="lmdi-lokaltLegemiddel"/>
      <description value="Id for angivelse av legemiddel fra lokal legemiddelkatalog"/>
      <exampleBoolean value="false"/>
    </resource>
    <resource>
      <extension url="http://hl7.org/fhir/tools/StructureDefinition/resource-information">
        <valueString value="StructureDefinition:extension"/>
      </extension>
      <reference>
        <reference value="StructureDefinition/lmdi-municipalitycode"/>
      </reference>
      <name value="lmdi-municipalitycode"/>
      <description value="Kodet verdi for kommune"/>
      <exampleBoolean value="false"/>
    </resource>
    <resource>
      <extension url="http://hl7.org/fhir/tools/StructureDefinition/resource-information">
        <valueString value="StructureDefinition:extension"/>
      </extension>
      <reference>
        <reference value="StructureDefinition/lmdi-urban-district"/>
      </reference>
      <name value="lmdi-urban-district"/>
      <description value="Information about Norwegian urban district (bydel)"/>
      <exampleBoolean value="false"/>
    </resource>
    <resource>
      <extension url="http://hl7.org/fhir/tools/StructureDefinition/resource-information">
        <valueString value="StructureDefinition:extension"/>
      </extension>
      <reference>
        <reference value="StructureDefinition/lokal-legemiddelkatalog-extension"/>
      </reference>
      <name value="Lokal Legemiddelkatalog"/>
      <description value="Informasjon om hvilken lokal legemiddelkatalog koden kommer fra."/>
      <exampleBoolean value="false"/>
    </resource>
    <resource>
      <extension url="http://hl7.org/fhir/tools/StructureDefinition/resource-information">
        <valueString value="CodeSystem"/>
      </extension>
      <reference>
        <reference value="CodeSystem/LokalLegemiddelkatalogCodeSystem"/>
      </reference>
      <name value="Lokal Legemiddelkatalog Codes"/>
      <description value="Kodesystem for lokal legemiddelkatalog"/>
      <exampleBoolean value="false"/>
    </resource>
    <resource>
      <extension url="http://hl7.org/fhir/tools/StructureDefinition/resource-information">
        <valueString value="ValueSet"/>
      </extension>
      <reference>
        <reference value="ValueSet/LokalLegemiddelkatalogValues"/>
      </reference>
      <name value="Lokal Legemiddelkatalog Values"/>
      <description value="Gyldige verdier for medlemskapsstatus"/>
      <exampleBoolean value="false"/>
    </resource>
    <resource>
      <extension url="http://hl7.org/fhir/tools/StructureDefinition/resource-information">
        <valueString value="Medication"/>
      </extension>
      <reference>
        <reference value="Medication/Medisin-1-LegemiddelDose-Oxycodone"/>
      </reference>
      <name value="Medisin-1-LegemiddelDose-Oxycodone"/>
      <description value="Eksempel på legemiddel"/>
      <exampleCanonical value="http://hl7.no/fhir/ig/lmdi/StructureDefinition/lmdi-medication"/>
    </resource>
    <resource>
      <extension url="http://hl7.org/fhir/tools/StructureDefinition/resource-information">
        <valueString value="Medication"/>
      </extension>
      <reference>
        <reference value="Medication/Medisin-2-Paracetamol"/>
      </reference>
      <name value="Medisin-2-Paracetamol"/>
      <description value="Eksempel på legemiddel - Paracetamol - UTKAST"/>
      <exampleCanonical value="http://hl7.no/fhir/ig/lmdi/StructureDefinition/lmdi-medication"/>
    </resource>
    <resource>
      <extension url="http://hl7.org/fhir/tools/StructureDefinition/resource-information">
        <valueString value="Medication"/>
      </extension>
      <reference>
        <reference value="Medication/Medisin-3-LegemiddelPakning-Monoket"/>
      </reference>
      <name value="Medisin-3-LegemiddelPakning-Monoket"/>
      <description value="Eksempel på legemiddel - paking"/>
      <exampleCanonical value="http://hl7.no/fhir/ig/lmdi/StructureDefinition/lmdi-medication"/>
    </resource>
    <resource>
      <extension url="http://hl7.org/fhir/tools/StructureDefinition/resource-information">
        <valueString value="NamingSystem"/>
      </extension>
      <reference>
        <reference value="NamingSystem/no-basis-fest-legemiddeldose"/>
      </reference>
      <name value="no-basis-fest-legemiddeldose"/>
      <description value="FEST-id for dose. Rekvirering av en bestemt merkevare med ID (LMR-nummer) som representerer minste plukkbare enhet, f.eks. 1 ampulle eller 1 tablett."/>
      <exampleBoolean value="false"/>
    </resource>
    <resource>
      <extension url="http://hl7.org/fhir/tools/StructureDefinition/resource-information">
        <valueString value="NamingSystem"/>
      </extension>
      <reference>
        <reference value="NamingSystem/no-basis-fest-legemiddelmerkevare"/>
      </reference>
      <name value="no-basis-fest-legemiddelmerkevare"/>
      <description value="FEST-id for legemiddel merkevare. Rekvirering av en styrke og form av en bestemt merkevare. Pr. 2024 er det ikke lenger ønskelig at det rekvireres på LegemiddelMerkevare."/>
      <exampleBoolean value="false"/>
    </resource>
    <resource>
      <extension url="http://hl7.org/fhir/tools/StructureDefinition/resource-information">
        <valueString value="NamingSystem"/>
      </extension>
      <reference>
        <reference value="NamingSystem/no-basis-fest-legemiddelpakning"/>
      </reference>
      <name value="no-basis-fest-legemiddelpakning"/>
      <description value="FEST-id for legemiddelpakninger. Rekvirering av en bestemt pakning av en merkevare (varenummer)"/>
      <exampleBoolean value="false"/>
    </resource>
    <resource>
      <extension url="http://hl7.org/fhir/tools/StructureDefinition/resource-information">
        <valueString value="NamingSystem"/>
      </extension>
      <reference>
        <reference value="NamingSystem/no-basis-fest-legemiddelvirkestoff"/>
      </reference>
      <name value="no-basis-fest-legemiddelvirkestoff"/>
      <description value="FEST-id for virkestoff. Benyttes ved virkestoffrekvirering"/>
      <exampleBoolean value="false"/>
    </resource>
    <resource>
      <extension url="http://hl7.org/fhir/tools/StructureDefinition/resource-information">
        <valueString value="StructureDefinition:extension"/>
      </extension>
      <reference>
        <reference value="StructureDefinition/npr-episode-identifier"/>
      </reference>
      <name value="NPR Episode Identifier"/>
      <description value="Entydig identifikator for episode, brukt ved rapportering til NPR."/>
      <exampleBoolean value="false"/>
    </resource>
    <resource>
      <extension url="http://hl7.org/fhir/tools/StructureDefinition/resource-information">
        <valueString value="StructureDefinition:resource"/>
      </extension>
      <reference>
        <reference value="StructureDefinition/lmdi-organization"/>
      </reference>
      <name value="Organisasjon"/>
      <description value="Organisasjoner i norsk helse- og omsorgstjeneste, som post, avdeling, klinikk, sykehus og sykehjem. &#xA;&#xA;Denne profilen av Organization benyttes for å beskrive helseinstitusjoner og skal representere organisasjonen på lavest mulig nivå i organisasjonshierarkiet (f.eks. en avdeling eller klinikk eller post).&#xA;&#xA;For organisasjonen som er del av en større organisasjon, skal dette angis ved hjelp av partOf-relasjonen. Alle “organisasjonshierarki” skal inkludere minst et organisasjonsnummer fra Enhetsregisteret (identifier:ENH)"/>
      <exampleBoolean value="false"/>
    </resource>
    <resource>
      <extension url="http://hl7.org/fhir/tools/StructureDefinition/resource-information">
        <valueString value="Organization"/>
      </extension>
      <reference>
        <reference value="Organization/Organisasjon-1-Sykehjem"/>
      </reference>
      <name value="Organisasjon-1-Sykehjem"/>
      <description value="Eksempel på sykehjem i primærhelsetjenesten"/>
      <exampleCanonical value="http://hl7.no/fhir/ig/lmdi/StructureDefinition/lmdi-organization"/>
    </resource>
    <resource>
      <extension url="http://hl7.org/fhir/tools/StructureDefinition/resource-information">
        <valueString value="Organization"/>
      </extension>
      <reference>
        <reference value="Organization/Organisasjon-2-Avdeling"/>
      </reference>
      <name value="Organisasjon-2-Avdeling"/>
      <description value="Eksempel på spesialistavdeling"/>
      <exampleCanonical value="http://hl7.no/fhir/ig/lmdi/StructureDefinition/lmdi-organization"/>
    </resource>
    <resource>
      <extension url="http://hl7.org/fhir/tools/StructureDefinition/resource-information">
        <valueString value="Organization"/>
      </extension>
      <reference>
        <reference value="Organization/Organisasjon-3-Sykehus"/>
      </reference>
      <name value="Organisasjon-3-Sykehus"/>
      <description value="Eksempel på sykehusorganisasjon"/>
      <exampleCanonical value="http://hl7.no/fhir/ig/lmdi/StructureDefinition/lmdi-organization"/>
    </resource>
    <resource>
      <extension url="http://hl7.org/fhir/tools/StructureDefinition/resource-information">
        <valueString value="StructureDefinition:resource"/>
      </extension>
      <reference>
        <reference value="StructureDefinition/lmdi-patient"/>
      </reference>
      <name value="Pasient"/>
      <description value="Pasienten som har fått rekvirert eller administrert legemiddel"/>
      <exampleBoolean value="false"/>
    </resource>
    <resource>
      <extension url="http://hl7.org/fhir/tools/StructureDefinition/resource-information">
        <valueString value="Patient"/>
      </extension>
      <reference>
        <reference value="Patient/Pasient-1-Uten-FNR"/>
      </reference>
      <name value="Pasient-1-Uten-FNR"/>
      <description value="Eksempel på pasient med kjønn og fødselsdato"/>
      <exampleCanonical value="http://hl7.no/fhir/ig/lmdi/StructureDefinition/lmdi-patient"/>
    </resource>
    <resource>
      <extension url="http://hl7.org/fhir/tools/StructureDefinition/resource-information">
        <valueString value="Patient"/>
      </extension>
      <reference>
        <reference value="Patient/Pasient-2-FNR"/>
      </reference>
      <name value="Pasient-2-FNR"/>
      <description value="Eksempel på pasient med fødselsnummer"/>
      <exampleCanonical value="http://hl7.no/fhir/ig/lmdi/StructureDefinition/lmdi-patient"/>
    </resource>
    <resource>
      <extension url="http://hl7.org/fhir/tools/StructureDefinition/resource-information">
        <valueString value="StructureDefinition:extension"/>
      </extension>
      <reference>
        <reference value="StructureDefinition/lmdi-prosentvis-doseendring"/>
      </reference>
      <name value="Prosentvis doseendring"/>
      <description value="Doseendring i prosent, sammenlignet med opprinnelig dosering. Spesielt relevant ved kjemoterapi."/>
      <exampleBoolean value="false"/>
    </resource>
    <resource>
      <extension url="http://hl7.org/fhir/tools/StructureDefinition/resource-information">
        <valueString value="MedicationRequest"/>
      </extension>
      <reference>
        <reference value="MedicationRequest/Rekvirering-1"/>
      </reference>
      <name value="Rekvirering-1"/>
      <description value="Eksempel på legemiddelrekvirering av Paracet"/>
      <exampleCanonical value="http://hl7.no/fhir/ig/lmdi/StructureDefinition/lmdi-medicationrequest"/>
    </resource>
    <resource>
      <extension url="http://hl7.org/fhir/tools/StructureDefinition/resource-information">
        <valueString value="ValueSet"/>
      </extension>
      <reference>
        <reference value="ValueSet/lmdi-medicationadministrationstatus"/>
      </reference>
      <name value="Status for legemiddeladministrering"/>
      <description value="Verdisett som begrenses status til Legemiddeladministrering til henholdsvis 'Gjennomført' eller 'Feilregistrert'."/>
      <exampleBoolean value="false"/>
    </resource>
    <resource>
      <extension url="http://hl7.org/fhir/tools/StructureDefinition/resource-information">
        <valueString value="StructureDefinition:resource"/>
      </extension>
      <reference>
        <reference value="StructureDefinition/lmdi-substance"/>
      </reference>
      <name value="Virkestoff"/>
      <description value="En tilpasset profil av Substance for å representere virkestoff."/>
      <exampleBoolean value="false"/>
    </resource>
    <page>
      <extension url="http://hl7.org/fhir/tools/StructureDefinition/ig-page-name">
        <valueUrl value="toc.html"/>
      </extension>
      <nameUrl value="toc.html"/>
      <title value="Table of Contents"/>
      <generation value="html"/>
      <page>
        <extension url="http://hl7.org/fhir/tools/StructureDefinition/ig-page-name">
          <valueUrl value="index.html"/>
        </extension>
        <nameUrl value="index.html"/>
        <title value="Hjem"/>
        <generation value="markdown"/>
      </page>
      <page>
        <extension url="http://hl7.org/fhir/tools/StructureDefinition/ig-page-name">
          <valueUrl value="informasjonsmodell.html"/>
        </extension>
        <nameUrl value="informasjonsmodell.html"/>
        <title value="Informasjonsmodell"/>
        <generation value="markdown"/>
      </page>
      <page>
        <extension url="http://hl7.org/fhir/tools/StructureDefinition/ig-page-name">
          <valueUrl value="integrasjon.html"/>
        </extension>
        <nameUrl value="integrasjon.html"/>
        <title value="Integrasjon"/>
        <generation value="markdown"/>
        <page>
          <extension url="http://hl7.org/fhir/tools/StructureDefinition/ig-page-name">
            <valueUrl value="SignertKryptertBundle.html"/>
          </extension>
          <nameUrl value="SignertKryptertBundle.html"/>
          <title value="SignertKryptertBundle"/>
          <generation value="markdown"/>
        </page>
        <page>
          <extension url="http://hl7.org/fhir/tools/StructureDefinition/ig-page-name">
            <valueUrl value="protokoll.html"/>
          </extension>
          <nameUrl value="protokoll.html"/>
          <title value="Protokoll"/>
          <generation value="markdown"/>
        </page>
        <page>
          <extension url="http://hl7.org/fhir/tools/StructureDefinition/ig-page-name">
            <valueUrl value="eksempelkode_cs.html"/>
          </extension>
          <nameUrl value="eksempelkode_cs.html"/>
          <title value="C# eksempelkode"/>
          <generation value="markdown"/>
        </page>
        <page>
          <extension url="http://hl7.org/fhir/tools/StructureDefinition/ig-page-name">
            <valueUrl value="eksempelkode_ps1.html"/>
          </extension>
          <nameUrl value="eksempelkode_ps1.html"/>
          <title value="Powershell eksempelkode"/>
          <generation value="markdown"/>
        </page>
      </page>
      <page>
        <extension url="http://hl7.org/fhir/tools/StructureDefinition/ig-page-name">
          <valueUrl value="nedlastinger.html"/>
        </extension>
        <nameUrl value="nedlastinger.html"/>
        <title value="Nedlastinger"/>
        <generation value="markdown"/>
      </page>
      <page>
        <extension url="http://hl7.org/fhir/tools/StructureDefinition/ig-page-name">
          <valueUrl value="profiler.html"/>
        </extension>
        <nameUrl value="profiler.html"/>
        <title value="FHIR-profiler"/>
        <generation value="markdown"/>
      </page>
    </page>
    <parameter>
      <code value="generate-json"/>
      <value value="true"/>
    </parameter>
    <parameter>
      <code value="generate-xml"/>
      <value value="false"/>
    </parameter>
    <parameter>
      <code value="generate-turtle"/>
      <value value="false"/>
    </parameter>
    <parameter>
      <code value="path-resource"/>
      <value value="input/capabilities"/>
    </parameter>
    <parameter>
      <code value="path-resource"/>
      <value value="input/examples"/>
    </parameter>
    <parameter>
      <code value="path-resource"/>
      <value value="input/extensions"/>
    </parameter>
    <parameter>
      <code value="path-resource"/>
      <value value="input/models"/>
    </parameter>
    <parameter>
      <code value="path-resource"/>
      <value value="input/operations"/>
    </parameter>
    <parameter>
      <code value="path-resource"/>
      <value value="input/profiles"/>
    </parameter>
    <parameter>
      <code value="path-resource"/>
      <value value="input/resources"/>
    </parameter>
    <parameter>
      <code value="path-resource"/>
      <value value="input/vocabulary"/>
    </parameter>
    <parameter>
      <code value="path-resource"/>
      <value value="input/maps"/>
    </parameter>
    <parameter>
      <code value="path-resource"/>
      <value value="input/testing"/>
    </parameter>
    <parameter>
      <code value="path-resource"/>
      <value value="input/history"/>
    </parameter>
    <parameter>
      <code value="path-resource"/>
      <value value="fsh-generated/resources"/>
    </parameter>
    <parameter>
      <code value="path-pages"/>
      <value value="template/config"/>
    </parameter>
    <parameter>
      <code value="path-pages"/>
      <value value="input/images"/>
    </parameter>
    <parameter>
      <code value="path-tx-cache"/>
      <value value="input-cache/txcache"/>
    </parameter>
  </definition>
</ImplementationGuide>