{
  "resourceType" : "MedicationAdministration",
  "id" : "Administrering-20",
  "text" : {
    "status" : "generated",
    "div" : "<div xmlns=\"http://www.w3.org/1999/xhtml\"><p class=\"res-header-id\"><b>Generated Narrative: MedicationAdministration Administrering-20</b></p><a name=\"Administrering-20\"> </a><a name=\"hcAdministrering-20\"> </a><p><b>status</b>: Completed</p><p><b>medication</b>: <a href=\"#hcAdministrering-20/medisin-91171f8e-b615-41ba-881a-87b8e8075611\">Medication Botox pulv til inj væske, oppl 50 E</a></p><p><b>subject</b>: <a href=\"https://fhi.no/fhir/lmdi/pasient/12345678\">https://fhi.no/fhir/lmdi/pasient/12345678</a></p><p><b>effective</b>: 2024-05-28</p><h3>Dosages</h3><table class=\"grid\"><tr><td style=\"display: none\">-</td><td><b>Text</b></td><td><b>Dose</b></td></tr><tr><td style=\"display: none\">*</td><td>100 mg</td><td>100 mg<span style=\"background: LightGoldenRodYellow\"> (Details: UCUM  codemg = 'mg')</span></td></tr></table><hr/><blockquote><p class=\"res-header-id\"><b>Generated Narrative: Medication #medisin-91171f8e-b615-41ba-881a-87b8e8075611</b></p><a name=\"Administrering-20/medisin-91171f8e-b615-41ba-881a-87b8e8075611\"> </a><a name=\"hcAdministrering-20/medisin-91171f8e-b615-41ba-881a-87b8e8075611\"> </a><p><b>code</b>: <span title=\"Codes:{http://dmp.no/fhir/NamingSystem/festLegemiddelPakning ID_00B35335-0DF7-4C98-8A0A-1148F4599D21}\">Botox pulv til inj væske, oppl 50 E</span></p></blockquote></div>"
  },
  "contained" : [{
    "resourceType" : "Medication",
    "id" : "medisin-91171f8e-b615-41ba-881a-87b8e8075611",
    "code" : {
      "coding" : [{
        "system" : "http://dmp.no/fhir/NamingSystem/festLegemiddelPakning",
        "code" : "ID_00B35335-0DF7-4C98-8A0A-1148F4599D21",
        "display" : "Botox pulv til inj væske, oppl 50 E"
      }]
    }
  }],
  "status" : "completed",
  "medicationReference" : {
    "reference" : "#medisin-91171f8e-b615-41ba-881a-87b8e8075611"
  },
  "subject" : {
    "reference" : "https://fhi.no/fhir/lmdi/pasient/12345678"
  },
  "effectiveDateTime" : "2024-05-28",
  "dosage" : {
    "text" : "100 mg",
    "dose" : {
      "value" : 100,
      "unit" : "mg",
      "system" : "http://unitsofmeasure.org",
      "code" : "mg"
    }
  }
}