<?xml version="1.0" encoding="UTF-8"?>

<Medication xmlns="http://hl7.org/fhir">
  <id value="Medisin-3-LegemiddelPakning-Monoket"/>
  <meta>
    <profile value="http://hl7.no/fhir/ig/lmdi/StructureDefinition/lmdi-medication"/>
  </meta>
  <text>
    <status value="extensions"/><div xmlns="http://www.w3.org/1999/xhtml"><p class="res-header-id"><b>Generated Narrative: Medication Medisin-3-LegemiddelPakning-Monoket</b></p><a name="Medisin-3-LegemiddelPakning-Monoket"> </a><a name="hcMedisin-3-LegemiddelPakning-Monoket"> </a><a name="Medisin-3-LegemiddelPakning-Monoket-no"> </a><div style="display: inline-block; background-color: #d9e0e7; padding: 6px; margin: 4px; border: 1px solid #8da1b4; border-radius: 5px; line-height: 60%"><p style="margin-bottom: 0px"/><p style="margin-bottom: 0px">Profile: <a href="StructureDefinition-lmdi-medication.html">Legemiddel</a></p></div><p><b>Legemiddel Classification</b>: <span title="Codes:{http://www.whocc.no/atc C01DA14}">Isosorbid mononitrat</span></p><p><b>identifier</b>: <a href="NamingSystem-no-basis-fest-legemiddelpakning.html" title="FEST-id for legemiddelpakninger. Rekvirering av en bestemt pakning av en merkevare (varenummer)">festLegemiddelPakning</a>/0003602E-315E-4CDE-9EB0-6756BE9CD120</p><p><b>code</b>: <span title="Codes:{http://dmp.no/fhir/NamingSystem/festLegemiddelPakning 0003602E-315E-4CDE-9EB0-6756BE9CD120}">Monoket</span></p></div>
  </text>
  <extension url="http://hl7.no/fhir/ig/lmdi/StructureDefinition/legemiddel-classification">
    <valueCodeableConcept>
      <coding>
        <system value="http://www.whocc.no/atc"/>
        <code value="C01DA14"/>
        <display value="Isosorbid mononitrat"/>
      </coding>
    </valueCodeableConcept>
  </extension>
  <identifier>
    <system value="http://dmp.no/fhir/NamingSystem/festLegemiddelPakning"/>
    <value value="0003602E-315E-4CDE-9EB0-6756BE9CD120"/>
  </identifier>
  <code>
    <coding>
      <system value="http://dmp.no/fhir/NamingSystem/festLegemiddelPakning"/>
      <code value="0003602E-315E-4CDE-9EB0-6756BE9CD120"/>
      <display value="Monoket"/>
    </coding>
  </code>
</Medication>