<?xml version="1.0" encoding="UTF-8"?>

<MedicationAdministration xmlns="http://hl7.org/fhir">
  <id value="Administrering-30"/>
  <text>
    <status value="generated"/><div xmlns="http://www.w3.org/1999/xhtml"><p class="res-header-id"><b>Generated Narrative: MedicationAdministration Administrering-30</b></p><a name="Administrering-30"> </a><a name="hcAdministrering-30"> </a><p><b>status</b>: Completed</p><p><b>medication</b>: Identifier: <code>uri:eu:spor:idmp:mpid:dummy</code>/1a38f25a8791fc3270e7c388f2031eee</p><p><b>subject</b>: <a href="https://simplifier.net/resolve?scope=hl7.fhir.no.basis@2.2.0&amp;canonical=https://fhi.no/fhir/lmdi/pasient/12345678">https://fhi.no/fhir/lmdi/pasient/12345678</a></p><p><b>effective</b>: 2024-05-28</p><h3>Dosages</h3><table class="grid"><tr><td style="display: none">-</td><td><b>Route</b></td><td><b>Dose</b></td></tr><tr><td style="display: none">*</td><td><span title="Codes:{http://snomed.info/sct 47625008}">Intravenous route (qualifier value)</span></td><td>100 mg<span style="background: LightGoldenRodYellow"> (Details: UCUM  codemg = 'mg')</span></td></tr></table></div>
  </text>
  <status value="completed"/>
  <medicationReference>
    <identifier>
      <system value="uri:eu:spor:idmp:mpid:dummy"/>
      <value value="1a38f25a8791fc3270e7c388f2031eee"/>
    </identifier>
  </medicationReference>
  <subject>
    <reference value="https://fhi.no/fhir/lmdi/pasient/12345678"/>
  </subject>
  <effectiveDateTime value="2024-05-28"/>
  <dosage>
    <route>
      <coding>
        <system value="http://snomed.info/sct"/>
        <code value="47625008"/>
        <display value="Intravenous route (qualifier value)"/>
      </coding>
    </route>
    <dose>
      <value value="100"/>
      <system value="http://unitsofmeasure.org"/>
      <code value="mg"/>
    </dose>
  </dosage>
</MedicationAdministration>