{
  "resourceType" : "Patient",
  "id" : "eksempel-pasient-1234567890",
  "text" : {
    "status" : "generated",
    "div" : "<div xmlns=\"http://www.w3.org/1999/xhtml\"><p class=\"res-header-id\"><b>Generated Narrative: Patient eksempel-pasient-1234567890</b></p><a name=\"eksempel-pasient-1234567890\"> </a><a name=\"hceksempel-pasient-1234567890\"> </a><p style=\"border: 1px #661aff solid; background-color: #e6e6ff; padding: 10px;\">Anonymous Patient (no stated gender), DoB Unknown</p><hr/></div>"
  }
}