{
  "package": "hl7.fhir.no.lmdi",
  "version": "1.0.4",
  "fhirVersion": "4.0.1",
  "jurisdiction": "NO",
  "extensions": [
    {
      "url": "http://hl7.no/fhir/ig/lmdi/StructureDefinition/legemiddel-classification",
      "title": "Legemiddel Classification",
      "types": [
        "CodeableConcept"
      ]
    },
    {
      "url": "http://hl7.no/fhir/ig/lmdi/StructureDefinition/lmdi-del-av-behandlingsregime",
      "title": "Del av behandlingsregime",
      "types": [
        "string"
      ]
    },
    {
      "url": "http://hl7.no/fhir/ig/lmdi/StructureDefinition/lmdi-klinisk-studie",
      "title": "Klinisk studie",
      "types": [
        "boolean"
      ]
    },
    {
      "url": "http://hl7.no/fhir/ig/lmdi/StructureDefinition/lmdi-municipalitycode",
      "title": "lmdi-municipalitycode",
      "types": [
        "Coding",
        "string",
        "Extension",
        "uri",
        "string",
        "code",
        "string",
        "boolean"
      ]
    },
    {
      "url": "http://hl7.no/fhir/ig/lmdi/StructureDefinition/lmdi-prosentvis-doseendring",
      "title": "Prosentvis doseendring",
      "types": [
        "Quantity",
        "string",
        "Extension",
        "decimal",
        "code",
        "string",
        "uri",
        "code"
      ]
    },
    {
      "url": "http://hl7.no/fhir/ig/lmdi/StructureDefinition/lmdi-urban-district",
      "title": "lmdi-urban-district",
      "types": [
        "Coding",
        "string",
        "Extension",
        "uri",
        "string",
        "code",
        "string",
        "boolean"
      ]
    },
    {
      "url": "http://hl7.no/fhir/ig/lmdi/StructureDefinition/npr-episode-identifier",
      "title": "NPR Episode Identifier",
      "types": [
        "string",
        "uuid",
        "base64Binary",
        "boolean",
        "canonical",
        "code",
        "date",
        "dateTime",
        "decimal",
        "id",
        "instant",
        "integer",
        "markdown",
        "oid",
        "positiveInt",
        "string",
        "time",
        "unsignedInt",
        "uri",
        "url",
        "uuid",
        "Address",
        "Age",
        "Annotation",
        "Attachment",
        "CodeableConcept",
        "Coding",
        "ContactPoint",
        "Count",
        "Distance",
        "Duration",
        "HumanName",
        "Identifier",
        "Money",
        "Period",
        "Quantity",
        "Range",
        "Ratio",
        "Reference",
        "SampledData",
        "Signature",
        "Timing",
        "ContactDetail",
        "Contributor",
        "DataRequirement",
        "Expression",
        "ParameterDefinition",
        "RelatedArtifact",
        "TriggerDefinition",
        "UsageContext",
        "Dosage",
        "Meta"
      ]
    }
  ],
  "profiles": {
    "Bundle": [
      {
        "url": "http://hl7.no/fhir/ig/lmdi/StructureDefinition/lmdi-bundle",
        "title": "LegemiddelregisterBundle"
      }
    ],
    "Condition": [
      {
        "url": "http://hl7.no/fhir/ig/lmdi/StructureDefinition/lmdi-condition",
        "title": "Diagnose"
      }
    ],
    "Encounter": [
      {
        "url": "http://hl7.no/fhir/ig/lmdi/StructureDefinition/lmdi-encounter",
        "title": "Episode"
      }
    ],
    "Medication": [
      {
        "url": "http://hl7.no/fhir/ig/lmdi/StructureDefinition/lmdi-medication",
        "title": "Legemiddel"
      }
    ],
    "MedicationAdministration": [
      {
        "url": "http://hl7.no/fhir/ig/lmdi/StructureDefinition/lmdi-medicationadministration",
        "title": "Legemiddeladministrering"
      }
    ],
    "MedicationRequest": [
      {
        "url": "http://hl7.no/fhir/ig/lmdi/StructureDefinition/lmdi-medicationrequest",
        "title": "Legemiddelrekvirering"
      }
    ],
    "Organization": [
      {
        "url": "http://hl7.no/fhir/ig/lmdi/StructureDefinition/lmdi-organization",
        "title": "Organisasjon"
      }
    ],
    "Patient": [
      {
        "url": "http://hl7.no/fhir/ig/lmdi/StructureDefinition/lmdi-patient",
        "title": "Pasient"
      }
    ],
    "Practitioner": [
      {
        "url": "http://hl7.no/fhir/ig/lmdi/StructureDefinition/lmdi-practitioner",
        "title": "Helsepersonell"
      }
    ],
    "Substance": [
      {
        "url": "http://hl7.no/fhir/ig/lmdi/StructureDefinition/lmdi-substance",
        "title": "Virkestoff"
      }
    ]
  },
  "usage": {
    "http://hl7.no/fhir/ig/lmdi/StructureDefinition/legemiddel-classification": [
      "Medication"
    ],
    "http://hl7.no/fhir/ig/lmdi/StructureDefinition/lmdi-del-av-behandlingsregime": [
      "MedicationRequest"
    ],
    "http://hl7.no/fhir/ig/lmdi/StructureDefinition/lmdi-klinisk-studie": [
      "MedicationRequest"
    ],
    "http://hl7.no/fhir/ig/lmdi/StructureDefinition/lmdi-municipalitycode": [
      "Organization.address.district",
      "Patient.address.district"
    ],
    "http://hl7.no/fhir/ig/lmdi/StructureDefinition/lmdi-prosentvis-doseendring": [
      "MedicationRequest"
    ],
    "http://hl7.no/fhir/ig/lmdi/StructureDefinition/lmdi-urban-district": [
      "Organization.address"
    ],
    "http://hl7.no/fhir/ig/lmdi/StructureDefinition/npr-episode-identifier": [
      "Bundle.entry.resource",
      "Bundle.entry.resource.contained",
      "Encounter",
      "MedicationAdministration.contained"
    ],
    "http://hl7.org/fhir/5.0/StructureDefinition/extension-NamingSystem.url": [
      "NamingSystem"
    ],
    "http://hl7.org/fhir/5.0/StructureDefinition/extension-NamingSystem.version": [
      "NamingSystem"
    ],
    "http://hl7.org/fhir/StructureDefinition/elementdefinition-bestpractice": [
      "StructureDefinition.snapshot.element.constraint"
    ],
    "http://hl7.org/fhir/StructureDefinition/elementdefinition-bestpractice-explanation": [
      "StructureDefinition.snapshot.element.constraint"
    ],
    "http://hl7.org/fhir/StructureDefinition/elementdefinition-bindingName": [
      "StructureDefinition.snapshot.element.binding"
    ],
    "http://hl7.org/fhir/StructureDefinition/elementdefinition-maxValueSet": [
      "StructureDefinition.snapshot.element.binding"
    ],
    "http://hl7.org/fhir/StructureDefinition/elementdefinition-translatable": [
      "StructureDefinition.snapshot.element"
    ],
    "http://hl7.org/fhir/StructureDefinition/regex": [
      "StructureDefinition.snapshot.element.type"
    ],
    "http://hl7.org/fhir/StructureDefinition/structuredefinition-fhir-type": [
      "StructureDefinition.snapshot.element.type"
    ],
    "http://hl7.org/fhir/StructureDefinition/structuredefinition-hierarchy": [
      "StructureDefinition.differential.element.type",
      "StructureDefinition.snapshot.element.type"
    ],
    "http://hl7.org/fhir/tools/StructureDefinition/ig-internal-dependency": [
      "ImplementationGuide.definition"
    ],
    "http://hl7.org/fhir/tools/StructureDefinition/ig-page-name": [
      "ImplementationGuide.definition.page",
      "ImplementationGuide.definition.page.page",
      "ImplementationGuide.definition.page.page.page"
    ],
    "http://hl7.org/fhir/tools/StructureDefinition/ig-parameter": [
      "ImplementationGuide.definition"
    ],
    "http://hl7.org/fhir/tools/StructureDefinition/implementationguide-dependency-comment": [
      "ImplementationGuide.dependsOn"
    ],
    "http://hl7.org/fhir/tools/StructureDefinition/resource-information": [
      "ImplementationGuide.definition.resource"
    ],
    "http://hl7.org/fhir/tools/StructureDefinition/snapshot-base-version": [
      "StructureDefinition.snapshot"
    ]
  }
}