{
  "resourceType" : "ValueSet",
  "id" : "kommunenummer-alle",
  "text" : {
    "status" : "generated",
    "div" : "<div xmlns=\"http://www.w3.org/1999/xhtml\"><p class=\"res-header-id\"><b>Generated Narrative: ValueSet kommunenummer-alle</b></p><a name=\"kommunenummer-alle\"> </a><a name=\"hckommunenummer-alle\"> </a><ul><li>Include all codes defined in <a href=\"CodeSystem-kommunenummer-codesystem.html\"><code>urn:oid:2.16.578.1.12.4.1.1.3402</code></a></li></ul></div>"
  },
  "url" : "http://hl7.no/fhir/ig/lmdi/ValueSet/kommunenummer-alle",
  "version" : "1.0.7",
  "name" : "KommunenummerValueSet",
  "title" : "Kommunenummer ValueSet",
  "status" : "active",
  "date" : "2025-10-02T08:41:42+00:00",
  "publisher" : "Folkehelseinstituttet",
  "contact" : [{
    "name" : "Folkehelseinstituttet",
    "telecom" : [{
      "system" : "url",
      "value" : "https://www.fhi.no"
    }]
  },
  {
    "name" : "Legemiddelregisteret",
    "telecom" : [{
      "system" : "email",
      "value" : "legemiddelregisteret@fhi.no"
    }]
  }],
  "description" : "Komplett kodeverk for norske kommunenummer (Volven 3402)",
  "jurisdiction" : [{
    "coding" : [{
      "system" : "urn:iso:std:iso:3166",
      "code" : "NO",
      "display" : "Norway"
    }]
  }],
  "compose" : {
    "include" : [{
      "system" : "urn:oid:2.16.578.1.12.4.1.1.3402"
    }]
  }
}