URL,Version,Status,OIDs,Name,Title,Descriptino,Uses,Used,Sources
http://fhir.no/ValueSet/atc-valueset,1.0.4,active,,ATCValueSet,ATC Kodesystem ValueSet,"ValueSet som inneholder koder fra WHO ATC (Anatomisk Terapeutisk Kjemisk legemiddelregister)",,"hl7.terminology.r4"
http://hl7.no/fhir/ig/lmdi/ValueSet/LokalLegemiddelkatalogValues,1.0.4,draft,,LokalLegemiddelkatalogValues,Lokal Legemiddelkatalog Values,"Gyldige verdier for medlemskapsstatus",,"Internal"
http://hl7.no/fhir/ig/lmdi/ValueSet/kommunenummer-alle,1.0.4,active,,KommunenummerValueSet,Kommunenummer ValueSet,"Komplett kodeverk for norske kommunenummer (Volven 3402)",,"Internal"
http://hl7.no/fhir/ig/lmdi/ValueSet/legemiddel-koder,1.0.4,draft,,LegemiddelKoder,Gyldige legemiddelkoder,"ValueSet som inneholder koder fra SNOMED CT og FEST",,"SCT,Other"
http://hl7.no/fhir/ig/lmdi/ValueSet/lmdi-medicationadministrationstatus,1.0.4,draft,,LegemiddeladministreringStatus,Status for legemiddeladministrering,"Verdisett som begrenses status til Legemiddeladministrering til henholdsvis 'Gjennomført' eller 'Feilregistrert'.",,"FHIR"
