<?xml version="1.0" encoding="UTF-8"?><CodeSystem xmlns="http://hl7.org/fhir"><id value="LokalLegemiddelkatalogCodeSystem"/><text><status value="generated"/><div xmlns="http://www.w3.org/1999/xhtml"><p class="res-header-id"><b>Generated Narrative: CodeSystem LokalLegemiddelkatalogCodeSystem</b></p><a name="LokalLegemiddelkatalogCodeSystem"> </a><a name="hcLokalLegemiddelkatalogCodeSystem"> </a><p>This  code system <code>http://hl7.no/fhir/ig/lmdi/CodeSystem/LokalLegemiddelkatalogCodeSystem</code> defines the following codes:</p><table class="codes"><tr><td style="white-space:nowrap"><b>Code</b></td><td><b>Display</b></td><td><b>Definition</b></td></tr><tr><td style="white-space:nowrap">metavisionkatalogFraHso<a name="LokalLegemiddelkatalogCodeSystem-metavisionkatalogFraHso"> </a></td><td>MetavisionkatalogFraHso</td><td>Metavisionkatalog fra Helse Sør-Øst</td></tr><tr><td style="white-space:nowrap">metavisionkatalogFraHN<a name="LokalLegemiddelkatalogCodeSystem-metavisionkatalogFraHN"> </a></td><td>MetavisionkatalogFraHN</td><td>Metavisionkatalog fra Helse Nord</td></tr></table></div></text><url value="http://hl7.no/fhir/ig/lmdi/CodeSystem/LokalLegemiddelkatalogCodeSystem"/><version value="1.0.4"/><name value="LokalLegemiddelkatalogCodeSystem"/><title value="Lokal Legemiddelkatalog Codes"/><status value="draft"/><date value="2025-09-18T12:15:28+00:00"/><publisher value="Folkehelseinstituttet"/><contact><name value="Folkehelseinstituttet"/><telecom><system value="url"/><value value="https://www.fhi.no"/></telecom></contact><contact><name value="Legemiddelregisteret"/><telecom><system value="email"/><value value="legemiddelregisteret@fhi.no"/></telecom></contact><description value="Kodesystem for lokal legemiddelkatalog"/><jurisdiction><coding><system value="urn:iso:std:iso:3166"/><code value="NO"/><display value="Norway"/></coding></jurisdiction><content value="complete"/><count value="2"/><concept><code value="metavisionkatalogFraHso"/><display value="MetavisionkatalogFraHso"/><definition value="Metavisionkatalog fra Helse Sør-Øst"/></concept><concept><code value="metavisionkatalogFraHN"/><display value="MetavisionkatalogFraHN"/><definition value="Metavisionkatalog fra Helse Nord"/></concept></CodeSystem>