<?xml version="1.0" encoding="UTF-8"?><ImplementationGuide xmlns="http://hl7.org/fhir"><id value="hl7.fhir.no.lmdi"/><language value="no"/><text><status value="generated"/><div xmlns="http://www.w3.org/1999/xhtml" xml:lang="no" lang="no"><p class="res-header-id"><b>Generated Narrative: ImplementationGuide hl7.fhir.no.lmdi</b></p><a name="hl7.fhir.no.lmdi"> </a><a name="hchl7.fhir.no.lmdi"> </a><a name="hl7.fhir.no.lmdi-no"> </a><div style="display: inline-block; background-color: #d9e0e7; padding: 6px; margin: 4px; border: 1px solid #8da1b4; border-radius: 5px; line-height: 60%"><p style="margin-bottom: 0px">Language: no</p></div><h2>Lmdi</h2><p>The official URL for this implementation guide is: </p><pre>http://hl7.no/fhir/ig/lmdi/ImplementationGuide/hl7.fhir.no.lmdi</pre><div><p>Denne implementasjongguiden beskriver hvordan institusjoner skal overføre data om legemiddelbruk i institusjoner til Legemiddelregisteret</p>
</div></div></text><url value="http://hl7.no/fhir/ig/lmdi/ImplementationGuide/hl7.fhir.no.lmdi"/><version value="1.0.3"/><name value="Lmdi"/><title value="Legemiddeldata fra institusjon til Legemiddelregisteret"/><status value="draft"/><date value="2025-04-01"/><publisher value="Folkehelseinstituttet"/><contact><name value="Folkehelseinstituttet"/><telecom><system value="url"/><value value="https://www.fhi.no"/></telecom></contact><contact><name value="Legemiddelregisteret"/><telecom><system value="email"/><value value="legemiddelregisteret@fhi.no"/></telecom></contact><description value="Denne implementasjongguiden beskriver hvordan institusjoner skal overføre data om legemiddelbruk i institusjoner til Legemiddelregisteret"/><jurisdiction><coding><system value="urn:iso:std:iso:3166"/><code value="NO"/><display value="Norway"/></coding></jurisdiction><packageId value="hl7.fhir.no.lmdi"/><license value="CC-BY-4.0"/><fhirVersion value="4.0.1"/><dependsOn id="hl7tx"><extension url="http://hl7.org/fhir/tools/StructureDefinition/implementationguide-dependency-comment"><valueMarkdown value="Automatically added as a dependency - all IGs depend on HL7 Terminology"/></extension><uri value="http://terminology.hl7.org/ImplementationGuide/hl7.terminology"/><packageId value="hl7.terminology.r4"/><version value="6.3.0"/></dependsOn><dependsOn id="hl7ext"><extension url="http://hl7.org/fhir/tools/StructureDefinition/implementationguide-dependency-comment"><valueMarkdown value="Automatically added as a dependency - all IGs depend on the HL7 Extension Pack"/></extension><uri value="http://hl7.org/fhir/extensions/ImplementationGuide/hl7.fhir.uv.extensions"/><packageId value="hl7.fhir.uv.extensions.r4"/><version value="5.2.0"/></dependsOn><definition><extension url="http://hl7.org/fhir/tools/StructureDefinition/ig-parameter"><extension url="code"><valueString value="copyrightyear"/></extension><extension url="value"><valueString value="2024+"/></extension></extension><extension url="http://hl7.org/fhir/tools/StructureDefinition/ig-parameter"><extension url="code"><valueString value="releaselabel"/></extension><extension url="value"><valueString value="ci-build"/></extension></extension><extension url="http://hl7.org/fhir/tools/StructureDefinition/ig-parameter"><extension url="code"><valueString value="path-assets"/></extension><extension url="value"><valueString value="input/assets"/></extension></extension><extension url="http://hl7.org/fhir/tools/StructureDefinition/ig-parameter"><extension url="code"><valueString value="apply-contact"/></extension><extension url="value"><valueString value="true"/></extension></extension><extension url="http://hl7.org/fhir/tools/StructureDefinition/ig-parameter"><extension url="code"><valueString value="apply-jurisdiction"/></extension><extension url="value"><valueString value="true"/></extension></extension><extension url="http://hl7.org/fhir/tools/StructureDefinition/ig-parameter"><extension url="code"><valueString value="autoload-resources"/></extension><extension url="value"><valueString value="true"/></extension></extension><extension url="http://hl7.org/fhir/tools/StructureDefinition/ig-parameter"><extension url="code"><valueString value="path-liquid"/></extension><extension url="value"><valueString value="template/liquid"/></extension></extension><extension url="http://hl7.org/fhir/tools/StructureDefinition/ig-parameter"><extension url="code"><valueString value="path-liquid"/></extension><extension url="value"><valueString value="input/liquid"/></extension></extension><extension url="http://hl7.org/fhir/tools/StructureDefinition/ig-parameter"><extension url="code"><valueString value="path-qa"/></extension><extension url="value"><valueString value="temp/qa"/></extension></extension><extension url="http://hl7.org/fhir/tools/StructureDefinition/ig-parameter"><extension url="code"><valueString value="path-temp"/></extension><extension url="value"><valueString value="temp/pages"/></extension></extension><extension url="http://hl7.org/fhir/tools/StructureDefinition/ig-parameter"><extension url="code"><valueString value="path-output"/></extension><extension url="value"><valueString value="output"/></extension></extension><extension url="http://hl7.org/fhir/tools/StructureDefinition/ig-parameter"><extension url="code"><valueString value="path-suppressed-warnings"/></extension><extension url="value"><valueString value="input/ignoreWarnings.txt"/></extension></extension><extension url="http://hl7.org/fhir/tools/StructureDefinition/ig-parameter"><extension url="code"><valueString value="path-history"/></extension><extension url="value"><valueString value="http://hl7.no/fhir/ig/lmdi/history.html"/></extension></extension><extension url="http://hl7.org/fhir/tools/StructureDefinition/ig-parameter"><extension url="code"><valueString value="template-html"/></extension><extension url="value"><valueString value="template-page.html"/></extension></extension><extension url="http://hl7.org/fhir/tools/StructureDefinition/ig-parameter"><extension url="code"><valueString value="template-md"/></extension><extension url="value"><valueString value="template-page-md.html"/></extension></extension><extension url="http://hl7.org/fhir/tools/StructureDefinition/ig-parameter"><extension url="code"><valueString value="apply-context"/></extension><extension url="value"><valueString value="true"/></extension></extension><extension url="http://hl7.org/fhir/tools/StructureDefinition/ig-parameter"><extension url="code"><valueString value="apply-copyright"/></extension><extension url="value"><valueString value="true"/></extension></extension><extension url="http://hl7.org/fhir/tools/StructureDefinition/ig-parameter"><extension url="code"><valueString value="apply-license"/></extension><extension url="value"><valueString value="true"/></extension></extension><extension url="http://hl7.org/fhir/tools/StructureDefinition/ig-parameter"><extension url="code"><valueString value="apply-publisher"/></extension><extension url="value"><valueString value="true"/></extension></extension><extension url="http://hl7.org/fhir/tools/StructureDefinition/ig-parameter"><extension url="code"><valueString value="apply-version"/></extension><extension url="value"><valueString value="true"/></extension></extension><extension url="http://hl7.org/fhir/tools/StructureDefinition/ig-parameter"><extension url="code"><valueString value="apply-wg"/></extension><extension url="value"><valueString value="true"/></extension></extension><extension url="http://hl7.org/fhir/tools/StructureDefinition/ig-parameter"><extension url="code"><valueString value="active-tables"/></extension><extension url="value"><valueString value="true"/></extension></extension><extension url="http://hl7.org/fhir/tools/StructureDefinition/ig-parameter"><extension url="code"><valueString value="fmm-definition"/></extension><extension url="value"><valueString value="http://hl7.org/fhir/versions.html#maturity"/></extension></extension><extension url="http://hl7.org/fhir/tools/StructureDefinition/ig-parameter"><extension url="code"><valueString value="propagate-status"/></extension><extension url="value"><valueString value="true"/></extension></extension><extension url="http://hl7.org/fhir/tools/StructureDefinition/ig-parameter"><extension url="code"><valueString value="excludelogbinaryformat"/></extension><extension url="value"><valueString value="true"/></extension></extension><extension url="http://hl7.org/fhir/tools/StructureDefinition/ig-parameter"><extension url="code"><valueString value="tabbed-snapshots"/></extension><extension url="value"><valueString value="true"/></extension></extension><extension url="http://hl7.org/fhir/tools/StructureDefinition/ig-internal-dependency"><valueCode value="hl7.fhir.uv.tools.r4#0.5.0"/></extension><extension url="http://hl7.org/fhir/tools/StructureDefinition/ig-parameter"><extension url="code"><valueCode value="copyrightyear"/></extension><extension url="value"><valueString value="2024+"/></extension></extension><extension url="http://hl7.org/fhir/tools/StructureDefinition/ig-parameter"><extension url="code"><valueCode value="releaselabel"/></extension><extension url="value"><valueString value="ci-build"/></extension></extension><extension url="http://hl7.org/fhir/tools/StructureDefinition/ig-parameter"><extension url="code"><valueCode value="path-assets"/></extension><extension url="value"><valueString value="input/assets"/></extension></extension><extension url="http://hl7.org/fhir/tools/StructureDefinition/ig-parameter"><extension url="code"><valueCode value="apply-contact"/></extension><extension url="value"><valueString value="true"/></extension></extension><extension url="http://hl7.org/fhir/tools/StructureDefinition/ig-parameter"><extension url="code"><valueCode value="apply-jurisdiction"/></extension><extension url="value"><valueString value="true"/></extension></extension><extension url="http://hl7.org/fhir/tools/StructureDefinition/ig-parameter"><extension url="code"><valueCode value="autoload-resources"/></extension><extension url="value"><valueString value="true"/></extension></extension><extension url="http://hl7.org/fhir/tools/StructureDefinition/ig-parameter"><extension url="code"><valueCode value="path-liquid"/></extension><extension url="value"><valueString value="template/liquid"/></extension></extension><extension url="http://hl7.org/fhir/tools/StructureDefinition/ig-parameter"><extension url="code"><valueCode value="path-liquid"/></extension><extension url="value"><valueString value="input/liquid"/></extension></extension><extension url="http://hl7.org/fhir/tools/StructureDefinition/ig-parameter"><extension url="code"><valueCode value="path-qa"/></extension><extension url="value"><valueString value="temp/qa"/></extension></extension><extension url="http://hl7.org/fhir/tools/StructureDefinition/ig-parameter"><extension url="code"><valueCode value="path-temp"/></extension><extension url="value"><valueString value="temp/pages"/></extension></extension><extension url="http://hl7.org/fhir/tools/StructureDefinition/ig-parameter"><extension url="code"><valueCode value="path-output"/></extension><extension url="value"><valueString value="output"/></extension></extension><extension url="http://hl7.org/fhir/tools/StructureDefinition/ig-parameter"><extension url="code"><valueCode value="path-suppressed-warnings"/></extension><extension url="value"><valueString value="input/ignoreWarnings.txt"/></extension></extension><extension url="http://hl7.org/fhir/tools/StructureDefinition/ig-parameter"><extension url="code"><valueCode value="path-history"/></extension><extension url="value"><valueString value="http://hl7.no/fhir/ig/lmdi/history.html"/></extension></extension><extension url="http://hl7.org/fhir/tools/StructureDefinition/ig-parameter"><extension url="code"><valueCode value="template-html"/></extension><extension url="value"><valueString value="template-page.html"/></extension></extension><extension url="http://hl7.org/fhir/tools/StructureDefinition/ig-parameter"><extension url="code"><valueCode value="template-md"/></extension><extension url="value"><valueString value="template-page-md.html"/></extension></extension><extension url="http://hl7.org/fhir/tools/StructureDefinition/ig-parameter"><extension url="code"><valueCode value="apply-context"/></extension><extension url="value"><valueString value="true"/></extension></extension><extension url="http://hl7.org/fhir/tools/StructureDefinition/ig-parameter"><extension url="code"><valueCode value="apply-copyright"/></extension><extension url="value"><valueString value="true"/></extension></extension><extension url="http://hl7.org/fhir/tools/StructureDefinition/ig-parameter"><extension url="code"><valueCode value="apply-license"/></extension><extension url="value"><valueString value="true"/></extension></extension><extension url="http://hl7.org/fhir/tools/StructureDefinition/ig-parameter"><extension url="code"><valueCode value="apply-publisher"/></extension><extension url="value"><valueString value="true"/></extension></extension><extension url="http://hl7.org/fhir/tools/StructureDefinition/ig-parameter"><extension url="code"><valueCode value="apply-version"/></extension><extension url="value"><valueString value="true"/></extension></extension><extension url="http://hl7.org/fhir/tools/StructureDefinition/ig-parameter"><extension url="code"><valueCode value="apply-wg"/></extension><extension url="value"><valueString value="true"/></extension></extension><extension url="http://hl7.org/fhir/tools/StructureDefinition/ig-parameter"><extension url="code"><valueCode value="active-tables"/></extension><extension url="value"><valueString value="true"/></extension></extension><extension url="http://hl7.org/fhir/tools/StructureDefinition/ig-parameter"><extension url="code"><valueCode value="fmm-definition"/></extension><extension url="value"><valueString value="http://hl7.org/fhir/versions.html#maturity"/></extension></extension><extension url="http://hl7.org/fhir/tools/StructureDefinition/ig-parameter"><extension url="code"><valueCode value="propagate-status"/></extension><extension url="value"><valueString value="true"/></extension></extension><extension url="http://hl7.org/fhir/tools/StructureDefinition/ig-parameter"><extension url="code"><valueCode value="excludelogbinaryformat"/></extension><extension url="value"><valueString value="true"/></extension></extension><extension url="http://hl7.org/fhir/tools/StructureDefinition/ig-parameter"><extension url="code"><valueCode value="tabbed-snapshots"/></extension><extension url="value"><valueString value="true"/></extension></extension><extension url="http://hl7.org/fhir/tools/StructureDefinition/ig-parameter"><extension url="code"><valueCode value="copyrightyear"/></extension><extension url="value"><valueString value="2024+"/></extension></extension><extension url="http://hl7.org/fhir/tools/StructureDefinition/ig-parameter"><extension url="code"><valueCode value="releaselabel"/></extension><extension url="value"><valueString value="ci-build"/></extension></extension><extension url="http://hl7.org/fhir/tools/StructureDefinition/ig-parameter"><extension url="code"><valueCode value="path-assets"/></extension><extension url="value"><valueString value="input/assets"/></extension></extension><extension url="http://hl7.org/fhir/tools/StructureDefinition/ig-parameter"><extension url="code"><valueCode value="apply-contact"/></extension><extension url="value"><valueString value="true"/></extension></extension><extension url="http://hl7.org/fhir/tools/StructureDefinition/ig-parameter"><extension url="code"><valueCode value="apply-jurisdiction"/></extension><extension url="value"><valueString value="true"/></extension></extension><extension url="http://hl7.org/fhir/tools/StructureDefinition/ig-parameter"><extension url="code"><valueCode value="autoload-resources"/></extension><extension url="value"><valueString value="true"/></extension></extension><extension url="http://hl7.org/fhir/tools/StructureDefinition/ig-parameter"><extension url="code"><valueCode value="path-liquid"/></extension><extension url="value"><valueString value="template/liquid"/></extension></extension><extension url="http://hl7.org/fhir/tools/StructureDefinition/ig-parameter"><extension url="code"><valueCode value="path-liquid"/></extension><extension url="value"><valueString value="input/liquid"/></extension></extension><extension url="http://hl7.org/fhir/tools/StructureDefinition/ig-parameter"><extension url="code"><valueCode value="path-qa"/></extension><extension url="value"><valueString value="temp/qa"/></extension></extension><extension url="http://hl7.org/fhir/tools/StructureDefinition/ig-parameter"><extension url="code"><valueCode value="path-temp"/></extension><extension url="value"><valueString value="temp/pages"/></extension></extension><extension url="http://hl7.org/fhir/tools/StructureDefinition/ig-parameter"><extension url="code"><valueCode value="path-output"/></extension><extension url="value"><valueString value="output"/></extension></extension><extension url="http://hl7.org/fhir/tools/StructureDefinition/ig-parameter"><extension url="code"><valueCode value="path-suppressed-warnings"/></extension><extension url="value"><valueString value="input/ignoreWarnings.txt"/></extension></extension><extension url="http://hl7.org/fhir/tools/StructureDefinition/ig-parameter"><extension url="code"><valueCode value="path-history"/></extension><extension url="value"><valueString value="http://hl7.no/fhir/ig/lmdi/history.html"/></extension></extension><extension url="http://hl7.org/fhir/tools/StructureDefinition/ig-parameter"><extension url="code"><valueCode value="template-html"/></extension><extension url="value"><valueString value="template-page.html"/></extension></extension><extension url="http://hl7.org/fhir/tools/StructureDefinition/ig-parameter"><extension url="code"><valueCode value="template-md"/></extension><extension url="value"><valueString value="template-page-md.html"/></extension></extension><extension url="http://hl7.org/fhir/tools/StructureDefinition/ig-parameter"><extension url="code"><valueCode value="apply-context"/></extension><extension url="value"><valueString value="true"/></extension></extension><extension url="http://hl7.org/fhir/tools/StructureDefinition/ig-parameter"><extension url="code"><valueCode value="apply-copyright"/></extension><extension url="value"><valueString value="true"/></extension></extension><extension url="http://hl7.org/fhir/tools/StructureDefinition/ig-parameter"><extension url="code"><valueCode value="apply-license"/></extension><extension url="value"><valueString value="true"/></extension></extension><extension url="http://hl7.org/fhir/tools/StructureDefinition/ig-parameter"><extension url="code"><valueCode value="apply-publisher"/></extension><extension url="value"><valueString value="true"/></extension></extension><extension url="http://hl7.org/fhir/tools/StructureDefinition/ig-parameter"><extension url="code"><valueCode value="apply-version"/></extension><extension url="value"><valueString value="true"/></extension></extension><extension url="http://hl7.org/fhir/tools/StructureDefinition/ig-parameter"><extension url="code"><valueCode value="apply-wg"/></extension><extension url="value"><valueString value="true"/></extension></extension><extension url="http://hl7.org/fhir/tools/StructureDefinition/ig-parameter"><extension url="code"><valueCode value="active-tables"/></extension><extension url="value"><valueString value="true"/></extension></extension><extension url="http://hl7.org/fhir/tools/StructureDefinition/ig-parameter"><extension url="code"><valueCode value="fmm-definition"/></extension><extension url="value"><valueString value="http://hl7.org/fhir/versions.html#maturity"/></extension></extension><extension url="http://hl7.org/fhir/tools/StructureDefinition/ig-parameter"><extension url="code"><valueCode value="propagate-status"/></extension><extension url="value"><valueString value="true"/></extension></extension><extension url="http://hl7.org/fhir/tools/StructureDefinition/ig-parameter"><extension url="code"><valueCode value="excludelogbinaryformat"/></extension><extension url="value"><valueString value="true"/></extension></extension><extension url="http://hl7.org/fhir/tools/StructureDefinition/ig-parameter"><extension url="code"><valueCode value="tabbed-snapshots"/></extension><extension url="value"><valueString value="true"/></extension></extension><grouping id="-str-profile"><name value="Structures: Resource Profiles"/><description value="These define constraints on FHIR resources for systems conforming to this implementation guide."/></grouping><grouping id="-str-extension"><name value="Structures: Extension Definitions"/><description value="These define constraints on FHIR data types for systems conforming to this implementation guide."/></grouping><grouping id="-term-valueset"><name value="Terminology: Value Sets"/><description value="These define sets of codes used by systems conforming to this implementation guide."/></grouping><grouping id="-term-codesystem"><name value="Terminology: Code Systems"/><description value="These define new code systems used by systems conforming to this implementation guide."/></grouping><grouping id="-term-namingsystem"><name value="Terminology: Naming Systems"/><description value="These define identifier and/or code system identities used by systems conforming to this implementation guide."/></grouping><grouping id="-ex-example"><name value="Example: Example Instances"/><description value="These are example instances that show what data produced and consumed by systems conforming with this implementation guide might look like."/></grouping><resource><extension url="http://hl7.org/fhir/tools/StructureDefinition/resource-sort"><valueInteger value="999999999"/></extension><extension url="http://hl7.org/fhir/StructureDefinition/implementationguide-page"><valueUri value="StructureDefinition-lmdi-condition.html"/></extension><reference><reference value="StructureDefinition/lmdi-condition"/></reference><name value="Diagnose"/><description value="Diagnosen som pasienten har fått rekvirert eller administrert legemiddelet for."/><exampleBoolean value="false"/><groupingId value="-str-profile"/></resource><resource><extension url="http://hl7.org/fhir/tools/StructureDefinition/resource-sort"><valueInteger value="999999999"/></extension><extension url="http://hl7.org/fhir/StructureDefinition/implementationguide-page"><valueUri value="StructureDefinition-lmdi-encounter.html"/></extension><reference><reference value="StructureDefinition/lmdi-encounter"/></reference><name value="Episode"/><description value="Profil for en behandlingsepisode basert på Encounter-ressursen i FHIR. Denne profilen representerer et klinisk møte eller en behandling i helsevesenet, med fokus på organisatorisk tilhørighet."/><exampleBoolean value="false"/><groupingId value="-str-profile"/></resource><resource><extension url="http://hl7.org/fhir/tools/StructureDefinition/resource-sort"><valueInteger value="999999999"/></extension><extension url="http://hl7.org/fhir/StructureDefinition/implementationguide-page"><valueUri value="StructureDefinition-lmdi-practitioner.html"/></extension><reference><reference value="StructureDefinition/lmdi-practitioner"/></reference><name value="Helsepersonell"/><description value="Helsepersonell som har rekvirert legemidlet"/><exampleBoolean value="false"/><groupingId value="-str-profile"/></resource><resource><extension url="http://hl7.org/fhir/tools/StructureDefinition/resource-sort"><valueInteger value="999999999"/></extension><extension url="http://hl7.org/fhir/StructureDefinition/implementationguide-page"><valueUri value="StructureDefinition-lmdi-medication.html"/></extension><reference><reference value="StructureDefinition/lmdi-medication"/></reference><name value="Legemiddel"/><description value="Beskrivelse av legemiddel."/><exampleBoolean value="false"/><groupingId value="-str-profile"/></resource><resource><extension url="http://hl7.org/fhir/tools/StructureDefinition/resource-sort"><valueInteger value="999999999"/></extension><extension url="http://hl7.org/fhir/StructureDefinition/implementationguide-page"><valueUri value="StructureDefinition-lmdi-medicationadministration.html"/></extension><reference><reference value="StructureDefinition/lmdi-medicationadministration"/></reference><name value="Legemiddeladministrering"/><description value="Beskriver administrering av legemiddel til pasient på institusjon.&#xA;&#xA;Dette er kjerneressursen for denne implementasjonsguiden. Den peker videre legemiddelet som ble gitt, pasienten som har fått administrert legemiddel, på hvilken institusjon det skjedde, tidspunkt for administrering, hvem som utførte den (helsepersonell eller rolle ved institusjon) og dose med eventuell administrasjonsvei."/><exampleBoolean value="false"/><groupingId value="-str-profile"/></resource><resource><extension url="http://hl7.org/fhir/tools/StructureDefinition/resource-sort"><valueInteger value="999999999"/></extension><extension url="http://hl7.org/fhir/StructureDefinition/implementationguide-page"><valueUri value="StructureDefinition-lmdi-bundle.html"/></extension><reference><reference value="StructureDefinition/lmdi-bundle"/></reference><name value="LegemiddelregisterBundle"/><description value="Profil av Bundle for Legemiddelregisteret. Støtter bare transaction-type og POST-operasjoner, med begrensninger på tillatte ressurstyper."/><exampleBoolean value="false"/><groupingId value="-str-profile"/></resource><resource><extension url="http://hl7.org/fhir/tools/StructureDefinition/resource-sort"><valueInteger value="999999999"/></extension><extension url="http://hl7.org/fhir/StructureDefinition/implementationguide-page"><valueUri value="StructureDefinition-lmdi-medicationrequest.html"/></extension><reference><reference value="StructureDefinition/lmdi-medicationrequest"/></reference><name value="Legemiddelrekvirering"/><description value="Legemiddelrekvirering - ordinering eller annen rekvirering av legemiddel"/><exampleBoolean value="false"/><groupingId value="-str-profile"/></resource><resource><extension url="http://hl7.org/fhir/tools/StructureDefinition/resource-sort"><valueInteger value="999999999"/></extension><extension url="http://hl7.org/fhir/StructureDefinition/implementationguide-page"><valueUri value="StructureDefinition-lmdi-organization.html"/></extension><reference><reference value="StructureDefinition/lmdi-organization"/></reference><name value="Organisasjon"/><description value="Organisasjoner i norsk helse- og omsorgstjeneste, som post, avdeling, klinikk, sykehus og sykehjem. &#xA;&#xA;Denne profilen av Organization benyttes for å beskrive helseinstitusjoner og skal representere organisasjonen på lavest mulig nivå i organisasjonshierarkiet (f.eks. en avdeling eller klinikk eller post).&#xA;&#xA;For organisasjonen som er del av en større organisasjon, skal dette angis ved hjelp av partOf-relasjonen. Alle “organisasjonshierarki” skal inkludere minst et organisasjonsnummer fra Enhetsregisteret (identifier:ENH)"/><exampleBoolean value="false"/><groupingId value="-str-profile"/></resource><resource><extension url="http://hl7.org/fhir/tools/StructureDefinition/resource-sort"><valueInteger value="999999999"/></extension><extension url="http://hl7.org/fhir/StructureDefinition/implementationguide-page"><valueUri value="StructureDefinition-lmdi-patient.html"/></extension><reference><reference value="StructureDefinition/lmdi-patient"/></reference><name value="Pasient"/><description value="Pasienten som har fått rekvirert eller administrert legemiddel"/><exampleBoolean value="false"/><groupingId value="-str-profile"/></resource><resource><extension url="http://hl7.org/fhir/tools/StructureDefinition/resource-sort"><valueInteger value="999999999"/></extension><extension url="http://hl7.org/fhir/StructureDefinition/implementationguide-page"><valueUri value="StructureDefinition-lmdi-substance.html"/></extension><reference><reference value="StructureDefinition/lmdi-substance"/></reference><name value="Virkestoff"/><description value="En tilpasset profil av Substance for å representere virkestoff."/><exampleBoolean value="false"/><groupingId value="-str-profile"/></resource><resource><extension url="http://hl7.org/fhir/tools/StructureDefinition/resource-sort"><valueInteger value="999999999"/></extension><extension url="http://hl7.org/fhir/StructureDefinition/implementationguide-page"><valueUri value="StructureDefinition-lmdi-del-av-behandlingsregime.html"/></extension><reference><reference value="StructureDefinition/lmdi-del-av-behandlingsregime"/></reference><name value="Del av behandlingsregime"/><description value="Navnet på kuren, behandlingsregimet eller protokollen legemidlet gis som en del av. Spesielt relevant ved kjemoterapi."/><exampleBoolean value="false"/><groupingId value="-str-extension"/></resource><resource><extension url="http://hl7.org/fhir/tools/StructureDefinition/resource-sort"><valueInteger value="999999999"/></extension><extension url="http://hl7.org/fhir/StructureDefinition/implementationguide-page"><valueUri value="StructureDefinition-lmdi-klinisk-studie.html"/></extension><reference><reference value="StructureDefinition/lmdi-klinisk-studie"/></reference><name value="Klinisk studie"/><description value="Angir om legemidlet gis som en del av en klinisk studie."/><exampleBoolean value="false"/><groupingId value="-str-extension"/></resource><resource><extension url="http://hl7.org/fhir/tools/StructureDefinition/resource-sort"><valueInteger value="999999999"/></extension><extension url="http://hl7.org/fhir/StructureDefinition/implementationguide-page"><valueUri value="StructureDefinition-legemiddel-classification.html"/></extension><reference><reference value="StructureDefinition/legemiddel-classification"/></reference><name value="Legemiddel Classification"/><description value="Klassifisering av legemidler, primært med ATC-koder (Anatomisk Terapeutisk Kjemisk legemiddelregister)."/><exampleBoolean value="false"/><groupingId value="-str-extension"/></resource><resource><extension url="http://hl7.org/fhir/tools/StructureDefinition/resource-sort"><valueInteger value="999999999"/></extension><extension url="http://hl7.org/fhir/StructureDefinition/implementationguide-page"><valueUri value="StructureDefinition-lokal-legemiddelkatalog-extension.html"/></extension><reference><reference value="StructureDefinition/lokal-legemiddelkatalog-extension"/></reference><name value="Lokal Legemiddelkatalog"/><description value="Informasjon om hvilken lokal legemiddelkatalog koden kommer fra."/><exampleBoolean value="false"/><groupingId value="-str-extension"/></resource><resource><extension url="http://hl7.org/fhir/tools/StructureDefinition/resource-sort"><valueInteger value="999999999"/></extension><extension url="http://hl7.org/fhir/StructureDefinition/implementationguide-page"><valueUri value="StructureDefinition-npr-episode-identifier.html"/></extension><reference><reference value="StructureDefinition/npr-episode-identifier"/></reference><name value="NPR Episode Identifier"/><description value="Entydig identifikator for episode, brukt ved rapportering til NPR."/><exampleBoolean value="false"/><groupingId value="-str-extension"/></resource><resource><extension url="http://hl7.org/fhir/tools/StructureDefinition/resource-sort"><valueInteger value="999999999"/></extension><extension url="http://hl7.org/fhir/StructureDefinition/implementationguide-page"><valueUri value="StructureDefinition-lmdi-prosentvis-doseendring.html"/></extension><reference><reference value="StructureDefinition/lmdi-prosentvis-doseendring"/></reference><name value="Prosentvis doseendring"/><description value="Doseendring i prosent, sammenlignet med opprinnelig dosering. Spesielt relevant ved kjemoterapi."/><exampleBoolean value="false"/><groupingId value="-str-extension"/></resource><resource><extension url="http://hl7.org/fhir/tools/StructureDefinition/resource-sort"><valueInteger value="999999999"/></extension><extension url="http://hl7.org/fhir/StructureDefinition/implementationguide-page"><valueUri value="StructureDefinition-lmdi-municipalitycode.html"/></extension><reference><reference value="StructureDefinition/lmdi-municipalitycode"/></reference><name value="lmdi-municipalitycode"/><description value="Kodet verdi for kommune"/><exampleBoolean value="false"/><groupingId value="-str-extension"/></resource><resource><extension url="http://hl7.org/fhir/tools/StructureDefinition/resource-sort"><valueInteger value="999999999"/></extension><extension url="http://hl7.org/fhir/StructureDefinition/implementationguide-page"><valueUri value="StructureDefinition-lmdi-urban-district.html"/></extension><reference><reference value="StructureDefinition/lmdi-urban-district"/></reference><name value="lmdi-urban-district"/><description value="Information about Norwegian urban district (bydel)"/><exampleBoolean value="false"/><groupingId value="-str-extension"/></resource><resource><extension url="http://hl7.org/fhir/tools/StructureDefinition/resource-sort"><valueInteger value="999999999"/></extension><extension url="http://hl7.org/fhir/StructureDefinition/implementationguide-page"><valueUri value="ValueSet-atc-valueset.html"/></extension><reference><reference value="ValueSet/atc-valueset"/></reference><name value="ATC Kodesystem ValueSet"/><description value="ValueSet som inneholder koder fra WHO ATC (Anatomisk Terapeutisk Kjemisk legemiddelregister)"/><exampleBoolean value="false"/><groupingId value="-term-valueset"/></resource><resource><extension url="http://hl7.org/fhir/tools/StructureDefinition/resource-sort"><valueInteger value="999999999"/></extension><extension url="http://hl7.org/fhir/StructureDefinition/implementationguide-page"><valueUri value="ValueSet-legemiddel-koder.html"/></extension><reference><reference value="ValueSet/legemiddel-koder"/></reference><name value="Gyldige legemiddelkoder"/><description value="ValueSet som inneholder koder fra SNOMED CT og FEST"/><exampleBoolean value="false"/><groupingId value="-term-valueset"/></resource><resource><extension url="http://hl7.org/fhir/tools/StructureDefinition/resource-sort"><valueInteger value="999999999"/></extension><extension url="http://hl7.org/fhir/StructureDefinition/implementationguide-page"><valueUri value="ValueSet-kommunenummer-alle.html"/></extension><reference><reference value="ValueSet/kommunenummer-alle"/></reference><name value="Kommunenummer ValueSet"/><description value="Komplett kodeverk for norske kommunenummer (Volven 3402)"/><exampleBoolean value="false"/><groupingId value="-term-valueset"/></resource><resource><extension url="http://hl7.org/fhir/tools/StructureDefinition/resource-sort"><valueInteger value="999999999"/></extension><extension url="http://hl7.org/fhir/StructureDefinition/implementationguide-page"><valueUri value="ValueSet-LokalLegemiddelkatalogValues.html"/></extension><reference><reference value="ValueSet/LokalLegemiddelkatalogValues"/></reference><name value="Lokal Legemiddelkatalog Values"/><description value="Gyldige verdier for medlemskapsstatus"/><exampleBoolean value="false"/><groupingId value="-term-valueset"/></resource><resource><extension url="http://hl7.org/fhir/tools/StructureDefinition/resource-sort"><valueInteger value="999999999"/></extension><extension url="http://hl7.org/fhir/StructureDefinition/implementationguide-page"><valueUri value="ValueSet-lmdi-medicationadministrationstatus.html"/></extension><reference><reference value="ValueSet/lmdi-medicationadministrationstatus"/></reference><name value="Status for legemiddeladministrering"/><description value="Verdisett som begrenses status til Legemiddeladministrering til henholdsvis 'Gjennomført' eller 'Feilregistrert'."/><exampleBoolean value="false"/><groupingId value="-term-valueset"/></resource><resource><extension url="http://hl7.org/fhir/tools/StructureDefinition/resource-sort"><valueInteger value="999999999"/></extension><extension url="http://hl7.org/fhir/StructureDefinition/implementationguide-page"><valueUri value="CodeSystem-kommunenummer-codesystem.html"/></extension><reference><reference value="CodeSystem/kommunenummer-codesystem"/></reference><name value="Kommunenummer CodeSystem"/><description value="Kodesystem for norske kommunenummer (Volven 3402)"/><exampleBoolean value="false"/><groupingId value="-term-codesystem"/></resource><resource><extension url="http://hl7.org/fhir/tools/StructureDefinition/resource-sort"><valueInteger value="999999999"/></extension><extension url="http://hl7.org/fhir/StructureDefinition/implementationguide-page"><valueUri value="CodeSystem-LokalLegemiddelkatalogCodeSystem.html"/></extension><reference><reference value="CodeSystem/LokalLegemiddelkatalogCodeSystem"/></reference><name value="Lokal Legemiddelkatalog Codes"/><description value="Kodesystem for lokal legemiddelkatalog"/><exampleBoolean value="false"/><groupingId value="-term-codesystem"/></resource><resource><extension url="http://hl7.org/fhir/tools/StructureDefinition/resource-sort"><valueInteger value="999999999"/></extension><extension url="http://hl7.org/fhir/StructureDefinition/implementationguide-page"><valueUri value="NamingSystem-lmdi-lokaltLegemiddel.html"/></extension><reference><reference value="NamingSystem/lmdi-lokaltLegemiddel"/></reference><name value="lmdi-lokaltLegemiddel"/><description value="Id for angivelse av legemiddel fra lokal legemiddelkatalog"/><exampleBoolean value="false"/><groupingId value="-term-namingsystem"/></resource><resource><extension url="http://hl7.org/fhir/tools/StructureDefinition/resource-sort"><valueInteger value="999999999"/></extension><extension url="http://hl7.org/fhir/StructureDefinition/implementationguide-page"><valueUri value="NamingSystem-no-basis-fest-legemiddeldose.html"/></extension><reference><reference value="NamingSystem/no-basis-fest-legemiddeldose"/></reference><name value="no-basis-fest-legemiddeldose"/><description value="FEST-id for dose. Rekvirering av en bestemt merkevare med ID (LMR-nummer) som representerer minste plukkbare enhet, f.eks. 1 ampulle eller 1 tablett."/><exampleBoolean value="false"/><groupingId value="-term-namingsystem"/></resource><resource><extension url="http://hl7.org/fhir/tools/StructureDefinition/resource-sort"><valueInteger value="999999999"/></extension><extension url="http://hl7.org/fhir/StructureDefinition/implementationguide-page"><valueUri value="NamingSystem-no-basis-fest-legemiddelmerkevare.html"/></extension><reference><reference value="NamingSystem/no-basis-fest-legemiddelmerkevare"/></reference><name value="no-basis-fest-legemiddelmerkevare"/><description value="FEST-id for legemiddel merkevare. Rekvirering av en styrke og form av en bestemt merkevare. Pr. 2024 er det ikke lenger ønskelig at det rekvireres på LegemiddelMerkevare."/><exampleBoolean value="false"/><groupingId value="-term-namingsystem"/></resource><resource><extension url="http://hl7.org/fhir/tools/StructureDefinition/resource-sort"><valueInteger value="999999999"/></extension><extension url="http://hl7.org/fhir/StructureDefinition/implementationguide-page"><valueUri value="NamingSystem-no-basis-fest-legemiddelpakning.html"/></extension><reference><reference value="NamingSystem/no-basis-fest-legemiddelpakning"/></reference><name value="no-basis-fest-legemiddelpakning"/><description value="FEST-id for legemiddelpakninger. Rekvirering av en bestemt pakning av en merkevare (varenummer)"/><exampleBoolean value="false"/><groupingId value="-term-namingsystem"/></resource><resource><extension url="http://hl7.org/fhir/tools/StructureDefinition/resource-sort"><valueInteger value="999999999"/></extension><extension url="http://hl7.org/fhir/StructureDefinition/implementationguide-page"><valueUri value="NamingSystem-no-basis-fest-legemiddelvirkestoff.html"/></extension><reference><reference value="NamingSystem/no-basis-fest-legemiddelvirkestoff"/></reference><name value="no-basis-fest-legemiddelvirkestoff"/><description value="FEST-id for virkestoff. Benyttes ved virkestoffrekvirering"/><exampleBoolean value="false"/><groupingId value="-term-namingsystem"/></resource><resource><extension url="http://hl7.org/fhir/tools/StructureDefinition/resource-sort"><valueInteger value="999999999"/></extension><extension url="http://hl7.org/fhir/StructureDefinition/implementationguide-page"><valueUri value="MedicationAdministration-Administrering-1-Oralt.html"/></extension><reference><reference value="MedicationAdministration/Administrering-1-Oralt"/></reference><name value="Administrering-1-Oralt"/><description value="Eksempel på administrering av legemiddel"/><exampleCanonical value="http://hl7.no/fhir/ig/lmdi/StructureDefinition/lmdi-medicationadministration"/><groupingId value="-ex-example"/></resource><resource><extension url="http://hl7.org/fhir/tools/StructureDefinition/resource-sort"><valueInteger value="999999999"/></extension><extension url="http://hl7.org/fhir/StructureDefinition/implementationguide-page"><valueUri value="MedicationAdministration-Administrering-10.html"/></extension><reference><reference value="MedicationAdministration/Administrering-10"/></reference><name value="Administrering-10"/><description value="Utfyllende eksempel, f.eks. om alt rapporteres som én melding. Bruker contained - bundle er å foretrekke for melding."/><exampleCanonical value="http://hl7.no/fhir/ig/lmdi/StructureDefinition/lmdi-medicationadministration"/><groupingId value="-ex-example"/></resource><resource><extension url="http://hl7.org/fhir/tools/StructureDefinition/resource-sort"><valueInteger value="999999999"/></extension><extension url="http://hl7.org/fhir/StructureDefinition/implementationguide-page"><valueUri value="MedicationAdministration-Administrering-2-Infusjon.html"/></extension><reference><reference value="MedicationAdministration/Administrering-2-Infusjon"/></reference><name value="Administrering-2-Infusjon"/><description value="Eksempel på administrering av legemiddel - infusjon"/><exampleCanonical value="http://hl7.no/fhir/ig/lmdi/StructureDefinition/lmdi-medicationadministration"/><groupingId value="-ex-example"/></resource><resource><extension url="http://hl7.org/fhir/tools/StructureDefinition/resource-sort"><valueInteger value="999999999"/></extension><extension url="http://hl7.org/fhir/StructureDefinition/implementationguide-page"><valueUri value="MedicationAdministration-Administrering-20.html"/></extension><reference><reference value="MedicationAdministration/Administrering-20"/></reference><name value="Administrering-20"/><description value="Utfyllende eksempel - andre referanser"/><exampleBoolean value="true"/><groupingId value="-ex-example"/></resource><resource><extension url="http://hl7.org/fhir/tools/StructureDefinition/resource-sort"><valueInteger value="999999999"/></extension><extension url="http://hl7.org/fhir/StructureDefinition/implementationguide-page"><valueUri value="MedicationAdministration-Administrering-30.html"/></extension><reference><reference value="MedicationAdministration/Administrering-30"/></reference><name value="Administrering-30"/><description value="Utfyllende eksempel - minimalt, logiske referanser"/><exampleBoolean value="true"/><groupingId value="-ex-example"/></resource><resource><extension url="http://hl7.org/fhir/tools/StructureDefinition/resource-sort"><valueInteger value="999999999"/></extension><extension url="http://hl7.org/fhir/StructureDefinition/implementationguide-page"><valueUri value="Condition-Diagnose-1-ICD10-OID.html"/></extension><reference><reference value="Condition/Diagnose-1-ICD10-OID"/></reference><name value="Diagnose-1-ICD10-OID"/><description value="Eksempel på diagnose ICD-10"/><exampleCanonical value="http://hl7.no/fhir/ig/lmdi/StructureDefinition/lmdi-condition"/><groupingId value="-ex-example"/></resource><resource><extension url="http://hl7.org/fhir/tools/StructureDefinition/resource-sort"><valueInteger value="999999999"/></extension><extension url="http://hl7.org/fhir/StructureDefinition/implementationguide-page"><valueUri value="Condition-Diagnose-2-SNOMED-CT.html"/></extension><reference><reference value="Condition/Diagnose-2-SNOMED-CT"/></reference><name value="Diagnose-2-SNOMED-CT"/><description value="Eksempel på diagnose SNOMED CT og ICD-10"/><exampleCanonical value="http://hl7.no/fhir/ig/lmdi/StructureDefinition/lmdi-condition"/><groupingId value="-ex-example"/></resource><resource><extension url="http://hl7.org/fhir/tools/StructureDefinition/resource-sort"><valueInteger value="999999999"/></extension><extension url="http://hl7.org/fhir/StructureDefinition/implementationguide-page"><valueUri value="Bundle-LegemiddelregisterBundle-1.html"/></extension><reference><reference value="Bundle/LegemiddelregisterBundle-1"/></reference><name value="Eksempel på LegemiddelregisterBundle med administreringer"/><description value="Eksempel på en batch-bundle som inneholder to legemiddeladministreringer"/><exampleCanonical value="http://hl7.no/fhir/ig/lmdi/StructureDefinition/lmdi-bundle"/><groupingId value="-ex-example"/></resource><resource><extension url="http://hl7.org/fhir/tools/StructureDefinition/resource-sort"><valueInteger value="999999999"/></extension><extension url="http://hl7.org/fhir/StructureDefinition/implementationguide-page"><valueUri value="Practitioner-Helsepersonell-1-HPR-nummer.html"/></extension><reference><reference value="Practitioner/Helsepersonell-1-HPR-nummer"/></reference><name value="Helsepersonell-1-HPR-nummer"/><description value="Eksempel på helsepersonell med HPR-nummer"/><exampleCanonical value="http://hl7.no/fhir/ig/lmdi/StructureDefinition/lmdi-practitioner"/><groupingId value="-ex-example"/></resource><resource><extension url="http://hl7.org/fhir/tools/StructureDefinition/resource-sort"><valueInteger value="999999999"/></extension><extension url="http://hl7.org/fhir/StructureDefinition/implementationguide-page"><valueUri value="Medication-Medisin-1-LegemiddelDose-Oxycodone.html"/></extension><reference><reference value="Medication/Medisin-1-LegemiddelDose-Oxycodone"/></reference><name value="Medisin-1-LegemiddelDose-Oxycodone"/><description value="Eksempel på legemiddel"/><exampleCanonical value="http://hl7.no/fhir/ig/lmdi/StructureDefinition/lmdi-medication"/><groupingId value="-ex-example"/></resource><resource><extension url="http://hl7.org/fhir/tools/StructureDefinition/resource-sort"><valueInteger value="999999999"/></extension><extension url="http://hl7.org/fhir/StructureDefinition/implementationguide-page"><valueUri value="Medication-Medisin-2-Paracetamol.html"/></extension><reference><reference value="Medication/Medisin-2-Paracetamol"/></reference><name value="Medisin-2-Paracetamol"/><description value="Eksempel på legemiddel - Paracetamol - UTKAST"/><exampleCanonical value="http://hl7.no/fhir/ig/lmdi/StructureDefinition/lmdi-medication"/><groupingId value="-ex-example"/></resource><resource><extension url="http://hl7.org/fhir/tools/StructureDefinition/resource-sort"><valueInteger value="999999999"/></extension><extension url="http://hl7.org/fhir/StructureDefinition/implementationguide-page"><valueUri value="Medication-Medisin-3-LegemiddelPakning-Monoket.html"/></extension><reference><reference value="Medication/Medisin-3-LegemiddelPakning-Monoket"/></reference><name value="Medisin-3-LegemiddelPakning-Monoket"/><description value="Eksempel på legemiddel - paking"/><exampleCanonical value="http://hl7.no/fhir/ig/lmdi/StructureDefinition/lmdi-medication"/><groupingId value="-ex-example"/></resource><resource><extension url="http://hl7.org/fhir/tools/StructureDefinition/resource-sort"><valueInteger value="999999999"/></extension><extension url="http://hl7.org/fhir/StructureDefinition/implementationguide-page"><valueUri value="Organization-Organisasjon-1-Sykehjem.html"/></extension><reference><reference value="Organization/Organisasjon-1-Sykehjem"/></reference><name value="Organisasjon-1-Sykehjem"/><description value="Eksempel på sykehjem i primærhelsetjenesten"/><exampleCanonical value="http://hl7.no/fhir/ig/lmdi/StructureDefinition/lmdi-organization"/><groupingId value="-ex-example"/></resource><resource><extension url="http://hl7.org/fhir/tools/StructureDefinition/resource-sort"><valueInteger value="999999999"/></extension><extension url="http://hl7.org/fhir/StructureDefinition/implementationguide-page"><valueUri value="Organization-Organisasjon-2-Avdeling.html"/></extension><reference><reference value="Organization/Organisasjon-2-Avdeling"/></reference><name value="Organisasjon-2-Avdeling"/><description value="Eksempel på spesialistavdeling"/><exampleCanonical value="http://hl7.no/fhir/ig/lmdi/StructureDefinition/lmdi-organization"/><groupingId value="-ex-example"/></resource><resource><extension url="http://hl7.org/fhir/tools/StructureDefinition/resource-sort"><valueInteger value="999999999"/></extension><extension url="http://hl7.org/fhir/StructureDefinition/implementationguide-page"><valueUri value="Organization-Organisasjon-3-Sykehus.html"/></extension><reference><reference value="Organization/Organisasjon-3-Sykehus"/></reference><name value="Organisasjon-3-Sykehus"/><description value="Eksempel på sykehusorganisasjon"/><exampleCanonical value="http://hl7.no/fhir/ig/lmdi/StructureDefinition/lmdi-organization"/><groupingId value="-ex-example"/></resource><resource><extension url="http://hl7.org/fhir/tools/StructureDefinition/resource-sort"><valueInteger value="999999999"/></extension><extension url="http://hl7.org/fhir/StructureDefinition/implementationguide-page"><valueUri value="Patient-Pasient-1-Uten-FNR.html"/></extension><reference><reference value="Patient/Pasient-1-Uten-FNR"/></reference><name value="Pasient-1-Uten-FNR"/><description value="Eksempel på pasient med kjønn og fødselsdato"/><exampleCanonical value="http://hl7.no/fhir/ig/lmdi/StructureDefinition/lmdi-patient"/><groupingId value="-ex-example"/></resource><resource><extension url="http://hl7.org/fhir/tools/StructureDefinition/resource-sort"><valueInteger value="999999999"/></extension><extension url="http://hl7.org/fhir/StructureDefinition/implementationguide-page"><valueUri value="Patient-Pasient-2-FNR.html"/></extension><reference><reference value="Patient/Pasient-2-FNR"/></reference><name value="Pasient-2-FNR"/><description value="Eksempel på pasient med fødselsnummer"/><exampleCanonical value="http://hl7.no/fhir/ig/lmdi/StructureDefinition/lmdi-patient"/><groupingId value="-ex-example"/></resource><resource><extension url="http://hl7.org/fhir/tools/StructureDefinition/resource-sort"><valueInteger value="999999999"/></extension><extension url="http://hl7.org/fhir/StructureDefinition/implementationguide-page"><valueUri value="MedicationRequest-Rekvirering-1.html"/></extension><reference><reference value="MedicationRequest/Rekvirering-1"/></reference><name value="Rekvirering-1"/><description value="Eksempel på legemiddelrekvirering av Paracet"/><exampleCanonical value="http://hl7.no/fhir/ig/lmdi/StructureDefinition/lmdi-medicationrequest"/><groupingId value="-ex-example"/></resource><resource><extension url="http://hl7.org/fhir/tools/StructureDefinition/resource-sort"><valueInteger value="999999999"/></extension><extension url="http://hl7.org/fhir/StructureDefinition/implementationguide-page"><valueUri value="Patient-eksempel-pasient-1234567890.html"/></extension><reference><reference value="Patient/eksempel-pasient-1234567890"/></reference><name value="eksempel-pasient-1234567890"/><description value="Eksempel på en pasient"/><exampleBoolean value="true"/><groupingId value="-ex-example"/></resource><page><extension url="http://hl7.org/fhir/tools/StructureDefinition/ig-page-name"><valueUrl value="toc.html"/></extension><nameUrl value="toc.html"/><title value="Table of Contents"/><generation value="html"/><page><extension url="http://hl7.org/fhir/tools/StructureDefinition/ig-page-name"><valueUrl value="index.html"/></extension><nameUrl value="index.html"/><title value="Hjem"/><generation value="markdown"/></page><page><extension url="http://hl7.org/fhir/tools/StructureDefinition/ig-page-name"><valueUrl value="informasjonsmodell.html"/></extension><nameUrl value="informasjonsmodell.html"/><title value="Informasjonsmodell"/><generation value="markdown"/></page><page><extension url="http://hl7.org/fhir/tools/StructureDefinition/ig-page-name"><valueUrl value="integrasjon.html"/></extension><nameUrl value="integrasjon.html"/><title value="Integrasjon"/><generation value="markdown"/><page><extension url="http://hl7.org/fhir/tools/StructureDefinition/ig-page-name"><valueUrl value="SignertKryptertBundle.html"/></extension><nameUrl value="SignertKryptertBundle.html"/><title value="SignertKryptertBundle"/><generation value="markdown"/></page><page><extension url="http://hl7.org/fhir/tools/StructureDefinition/ig-page-name"><valueUrl value="protokoll.html"/></extension><nameUrl value="protokoll.html"/><title value="Protokoll"/><generation value="markdown"/></page><page><extension url="http://hl7.org/fhir/tools/StructureDefinition/ig-page-name"><valueUrl value="eksempelkode_cs.html"/></extension><nameUrl value="eksempelkode_cs.html"/><title value="C# eksempelkode"/><generation value="markdown"/></page><page><extension url="http://hl7.org/fhir/tools/StructureDefinition/ig-page-name"><valueUrl value="eksempelkode_ps1.html"/></extension><nameUrl value="eksempelkode_ps1.html"/><title value="Powershell eksempelkode"/><generation value="markdown"/></page></page><page><extension url="http://hl7.org/fhir/tools/StructureDefinition/ig-page-name"><valueUrl value="nedlastinger.html"/></extension><nameUrl value="nedlastinger.html"/><title value="Nedlastinger"/><generation value="markdown"/></page><page><extension url="http://hl7.org/fhir/tools/StructureDefinition/ig-page-name"><valueUrl value="profiler.html"/></extension><nameUrl value="profiler.html"/><title value="FHIR-profiler"/><generation value="markdown"/></page><page><extension url="http://hl7.org/fhir/tools/StructureDefinition/ig-page-name"><valueUrl value="artifacts.html"/></extension><nameUrl value="artifacts.html"/><title value="Artifacts Summary"/><generation value="html"/><page><extension url="http://hl7.org/fhir/tools/StructureDefinition/ig-page-name"><valueUrl value="StructureDefinition-lmdi-condition.html"/></extension><nameUrl value="StructureDefinition-lmdi-condition.html"/><title value="Diagnose"/><generation value="generated"/></page><page><extension url="http://hl7.org/fhir/tools/StructureDefinition/ig-page-name"><valueUrl value="StructureDefinition-lmdi-encounter.html"/></extension><nameUrl value="StructureDefinition-lmdi-encounter.html"/><title value="Episode"/><generation value="generated"/></page><page><extension url="http://hl7.org/fhir/tools/StructureDefinition/ig-page-name"><valueUrl value="StructureDefinition-lmdi-practitioner.html"/></extension><nameUrl value="StructureDefinition-lmdi-practitioner.html"/><title value="Helsepersonell"/><generation value="generated"/></page><page><extension url="http://hl7.org/fhir/tools/StructureDefinition/ig-page-name"><valueUrl value="StructureDefinition-lmdi-medication.html"/></extension><nameUrl value="StructureDefinition-lmdi-medication.html"/><title value="Legemiddel"/><generation value="generated"/></page><page><extension url="http://hl7.org/fhir/tools/StructureDefinition/ig-page-name"><valueUrl value="StructureDefinition-lmdi-medicationadministration.html"/></extension><nameUrl value="StructureDefinition-lmdi-medicationadministration.html"/><title value="Legemiddeladministrering"/><generation value="generated"/></page><page><extension url="http://hl7.org/fhir/tools/StructureDefinition/ig-page-name"><valueUrl value="StructureDefinition-lmdi-bundle.html"/></extension><nameUrl value="StructureDefinition-lmdi-bundle.html"/><title value="LegemiddelregisterBundle"/><generation value="generated"/></page><page><extension url="http://hl7.org/fhir/tools/StructureDefinition/ig-page-name"><valueUrl value="StructureDefinition-lmdi-medicationrequest.html"/></extension><nameUrl value="StructureDefinition-lmdi-medicationrequest.html"/><title value="Legemiddelrekvirering"/><generation value="generated"/></page><page><extension url="http://hl7.org/fhir/tools/StructureDefinition/ig-page-name"><valueUrl value="StructureDefinition-lmdi-organization.html"/></extension><nameUrl value="StructureDefinition-lmdi-organization.html"/><title value="Organisasjon"/><generation value="generated"/></page><page><extension url="http://hl7.org/fhir/tools/StructureDefinition/ig-page-name"><valueUrl value="StructureDefinition-lmdi-patient.html"/></extension><nameUrl value="StructureDefinition-lmdi-patient.html"/><title value="Pasient"/><generation value="generated"/></page><page><extension url="http://hl7.org/fhir/tools/StructureDefinition/ig-page-name"><valueUrl value="StructureDefinition-lmdi-substance.html"/></extension><nameUrl value="StructureDefinition-lmdi-substance.html"/><title value="Virkestoff"/><generation value="generated"/></page><page><extension url="http://hl7.org/fhir/tools/StructureDefinition/ig-page-name"><valueUrl value="StructureDefinition-lmdi-del-av-behandlingsregime.html"/></extension><nameUrl value="StructureDefinition-lmdi-del-av-behandlingsregime.html"/><title value="Del av behandlingsregime"/><generation value="generated"/></page><page><extension url="http://hl7.org/fhir/tools/StructureDefinition/ig-page-name"><valueUrl value="StructureDefinition-lmdi-klinisk-studie.html"/></extension><nameUrl value="StructureDefinition-lmdi-klinisk-studie.html"/><title value="Klinisk studie"/><generation value="generated"/></page><page><extension url="http://hl7.org/fhir/tools/StructureDefinition/ig-page-name"><valueUrl value="StructureDefinition-legemiddel-classification.html"/></extension><nameUrl value="StructureDefinition-legemiddel-classification.html"/><title value="Legemiddel Classification"/><generation value="generated"/></page><page><extension url="http://hl7.org/fhir/tools/StructureDefinition/ig-page-name"><valueUrl value="StructureDefinition-lmdi-municipalitycode.html"/></extension><nameUrl value="StructureDefinition-lmdi-municipalitycode.html"/><title value="lmdi-municipalitycode"/><generation value="generated"/></page><page><extension url="http://hl7.org/fhir/tools/StructureDefinition/ig-page-name"><valueUrl value="StructureDefinition-lmdi-urban-district.html"/></extension><nameUrl value="StructureDefinition-lmdi-urban-district.html"/><title value="lmdi-urban-district"/><generation value="generated"/></page><page><extension url="http://hl7.org/fhir/tools/StructureDefinition/ig-page-name"><valueUrl value="StructureDefinition-lokal-legemiddelkatalog-extension.html"/></extension><nameUrl value="StructureDefinition-lokal-legemiddelkatalog-extension.html"/><title value="Lokal Legemiddelkatalog"/><generation value="generated"/></page><page><extension url="http://hl7.org/fhir/tools/StructureDefinition/ig-page-name"><valueUrl value="StructureDefinition-npr-episode-identifier.html"/></extension><nameUrl value="StructureDefinition-npr-episode-identifier.html"/><title value="NPR Episode Identifier"/><generation value="generated"/></page><page><extension url="http://hl7.org/fhir/tools/StructureDefinition/ig-page-name"><valueUrl value="StructureDefinition-lmdi-prosentvis-doseendring.html"/></extension><nameUrl value="StructureDefinition-lmdi-prosentvis-doseendring.html"/><title value="Prosentvis doseendring"/><generation value="generated"/></page><page><extension url="http://hl7.org/fhir/tools/StructureDefinition/ig-page-name"><valueUrl value="ValueSet-atc-valueset.html"/></extension><nameUrl value="ValueSet-atc-valueset.html"/><title value="ATC Kodesystem ValueSet"/><generation value="generated"/></page><page><extension url="http://hl7.org/fhir/tools/StructureDefinition/ig-page-name"><valueUrl value="ValueSet-legemiddel-koder.html"/></extension><nameUrl value="ValueSet-legemiddel-koder.html"/><title value="Gyldige legemiddelkoder"/><generation value="generated"/></page><page><extension url="http://hl7.org/fhir/tools/StructureDefinition/ig-page-name"><valueUrl value="ValueSet-kommunenummer-alle.html"/></extension><nameUrl value="ValueSet-kommunenummer-alle.html"/><title value="Kommunenummer ValueSet"/><generation value="generated"/></page><page><extension url="http://hl7.org/fhir/tools/StructureDefinition/ig-page-name"><valueUrl value="ValueSet-LokalLegemiddelkatalogValues.html"/></extension><nameUrl value="ValueSet-LokalLegemiddelkatalogValues.html"/><title value="Lokal Legemiddelkatalog Values"/><generation value="generated"/></page><page><extension url="http://hl7.org/fhir/tools/StructureDefinition/ig-page-name"><valueUrl value="ValueSet-lmdi-medicationadministrationstatus.html"/></extension><nameUrl value="ValueSet-lmdi-medicationadministrationstatus.html"/><title value="Status for legemiddeladministrering"/><generation value="generated"/></page><page><extension url="http://hl7.org/fhir/tools/StructureDefinition/ig-page-name"><valueUrl value="CodeSystem-kommunenummer-codesystem.html"/></extension><nameUrl value="CodeSystem-kommunenummer-codesystem.html"/><title value="Kommunenummer CodeSystem"/><generation value="generated"/></page><page><extension url="http://hl7.org/fhir/tools/StructureDefinition/ig-page-name"><valueUrl value="CodeSystem-LokalLegemiddelkatalogCodeSystem.html"/></extension><nameUrl value="CodeSystem-LokalLegemiddelkatalogCodeSystem.html"/><title value="Lokal Legemiddelkatalog Codes"/><generation value="generated"/></page><page><extension url="http://hl7.org/fhir/tools/StructureDefinition/ig-page-name"><valueUrl value="NamingSystem-lmdi-lokaltLegemiddel.html"/></extension><nameUrl value="NamingSystem-lmdi-lokaltLegemiddel.html"/><title value="lmdi-lokaltLegemiddel"/><generation value="generated"/></page><page><extension url="http://hl7.org/fhir/tools/StructureDefinition/ig-page-name"><valueUrl value="NamingSystem-no-basis-fest-legemiddeldose.html"/></extension><nameUrl value="NamingSystem-no-basis-fest-legemiddeldose.html"/><title value="no-basis-fest-legemiddeldose"/><generation value="generated"/></page><page><extension url="http://hl7.org/fhir/tools/StructureDefinition/ig-page-name"><valueUrl value="NamingSystem-no-basis-fest-legemiddelmerkevare.html"/></extension><nameUrl value="NamingSystem-no-basis-fest-legemiddelmerkevare.html"/><title value="no-basis-fest-legemiddelmerkevare"/><generation value="generated"/></page><page><extension url="http://hl7.org/fhir/tools/StructureDefinition/ig-page-name"><valueUrl value="NamingSystem-no-basis-fest-legemiddelpakning.html"/></extension><nameUrl value="NamingSystem-no-basis-fest-legemiddelpakning.html"/><title value="no-basis-fest-legemiddelpakning"/><generation value="generated"/></page><page><extension url="http://hl7.org/fhir/tools/StructureDefinition/ig-page-name"><valueUrl value="NamingSystem-no-basis-fest-legemiddelvirkestoff.html"/></extension><nameUrl value="NamingSystem-no-basis-fest-legemiddelvirkestoff.html"/><title value="no-basis-fest-legemiddelvirkestoff"/><generation value="generated"/></page><page><extension url="http://hl7.org/fhir/tools/StructureDefinition/ig-page-name"><valueUrl value="MedicationAdministration-Administrering-1-Oralt.html"/></extension><nameUrl value="MedicationAdministration-Administrering-1-Oralt.html"/><title value="Administrering-1-Oralt"/><generation value="generated"/></page><page><extension url="http://hl7.org/fhir/tools/StructureDefinition/ig-page-name"><valueUrl value="MedicationAdministration-Administrering-10.html"/></extension><nameUrl value="MedicationAdministration-Administrering-10.html"/><title value="Administrering-10"/><generation value="generated"/></page><page><extension url="http://hl7.org/fhir/tools/StructureDefinition/ig-page-name"><valueUrl value="MedicationAdministration-Administrering-2-Infusjon.html"/></extension><nameUrl value="MedicationAdministration-Administrering-2-Infusjon.html"/><title value="Administrering-2-Infusjon"/><generation value="generated"/></page><page><extension url="http://hl7.org/fhir/tools/StructureDefinition/ig-page-name"><valueUrl value="MedicationAdministration-Administrering-20.html"/></extension><nameUrl value="MedicationAdministration-Administrering-20.html"/><title value="Administrering-20"/><generation value="generated"/></page><page><extension url="http://hl7.org/fhir/tools/StructureDefinition/ig-page-name"><valueUrl value="MedicationAdministration-Administrering-30.html"/></extension><nameUrl value="MedicationAdministration-Administrering-30.html"/><title value="Administrering-30"/><generation value="generated"/></page><page><extension url="http://hl7.org/fhir/tools/StructureDefinition/ig-page-name"><valueUrl value="Condition-Diagnose-1-ICD10-OID.html"/></extension><nameUrl value="Condition-Diagnose-1-ICD10-OID.html"/><title value="Diagnose-1-ICD10-OID"/><generation value="generated"/></page><page><extension url="http://hl7.org/fhir/tools/StructureDefinition/ig-page-name"><valueUrl value="Condition-Diagnose-2-SNOMED-CT.html"/></extension><nameUrl value="Condition-Diagnose-2-SNOMED-CT.html"/><title value="Diagnose-2-SNOMED-CT"/><generation value="generated"/></page><page><extension url="http://hl7.org/fhir/tools/StructureDefinition/ig-page-name"><valueUrl value="Bundle-LegemiddelregisterBundle-1.html"/></extension><nameUrl value="Bundle-LegemiddelregisterBundle-1.html"/><title value="Eksempel på LegemiddelregisterBundle med administreringer"/><generation value="generated"/></page><page><extension url="http://hl7.org/fhir/tools/StructureDefinition/ig-page-name"><valueUrl value="Patient-eksempel-pasient-1234567890.html"/></extension><nameUrl value="Patient-eksempel-pasient-1234567890.html"/><title value="eksempel-pasient-1234567890"/><generation value="generated"/></page><page><extension url="http://hl7.org/fhir/tools/StructureDefinition/ig-page-name"><valueUrl value="Practitioner-Helsepersonell-1-HPR-nummer.html"/></extension><nameUrl value="Practitioner-Helsepersonell-1-HPR-nummer.html"/><title value="Helsepersonell-1-HPR-nummer"/><generation value="generated"/></page><page><extension url="http://hl7.org/fhir/tools/StructureDefinition/ig-page-name"><valueUrl value="Medication-Medisin-1-LegemiddelDose-Oxycodone.html"/></extension><nameUrl value="Medication-Medisin-1-LegemiddelDose-Oxycodone.html"/><title value="Medisin-1-LegemiddelDose-Oxycodone"/><generation value="generated"/></page><page><extension url="http://hl7.org/fhir/tools/StructureDefinition/ig-page-name"><valueUrl value="Medication-Medisin-2-Paracetamol.html"/></extension><nameUrl value="Medication-Medisin-2-Paracetamol.html"/><title value="Medisin-2-Paracetamol"/><generation value="generated"/></page><page><extension url="http://hl7.org/fhir/tools/StructureDefinition/ig-page-name"><valueUrl value="Medication-Medisin-3-LegemiddelPakning-Monoket.html"/></extension><nameUrl value="Medication-Medisin-3-LegemiddelPakning-Monoket.html"/><title value="Medisin-3-LegemiddelPakning-Monoket"/><generation value="generated"/></page><page><extension url="http://hl7.org/fhir/tools/StructureDefinition/ig-page-name"><valueUrl value="Organization-Organisasjon-1-Sykehjem.html"/></extension><nameUrl value="Organization-Organisasjon-1-Sykehjem.html"/><title value="Organisasjon-1-Sykehjem"/><generation value="generated"/></page><page><extension url="http://hl7.org/fhir/tools/StructureDefinition/ig-page-name"><valueUrl value="Organization-Organisasjon-2-Avdeling.html"/></extension><nameUrl value="Organization-Organisasjon-2-Avdeling.html"/><title value="Organisasjon-2-Avdeling"/><generation value="generated"/></page><page><extension url="http://hl7.org/fhir/tools/StructureDefinition/ig-page-name"><valueUrl value="Organization-Organisasjon-3-Sykehus.html"/></extension><nameUrl value="Organization-Organisasjon-3-Sykehus.html"/><title value="Organisasjon-3-Sykehus"/><generation value="generated"/></page><page><extension url="http://hl7.org/fhir/tools/StructureDefinition/ig-page-name"><valueUrl value="Patient-Pasient-1-Uten-FNR.html"/></extension><nameUrl value="Patient-Pasient-1-Uten-FNR.html"/><title value="Pasient-1-Uten-FNR"/><generation value="generated"/></page><page><extension url="http://hl7.org/fhir/tools/StructureDefinition/ig-page-name"><valueUrl value="Patient-Pasient-2-FNR.html"/></extension><nameUrl value="Patient-Pasient-2-FNR.html"/><title value="Pasient-2-FNR"/><generation value="generated"/></page><page><extension url="http://hl7.org/fhir/tools/StructureDefinition/ig-page-name"><valueUrl value="MedicationRequest-Rekvirering-1.html"/></extension><nameUrl value="MedicationRequest-Rekvirering-1.html"/><title value="Rekvirering-1"/><generation value="generated"/></page></page></page><parameter><code value="generate-json"/><value value="true"/></parameter><parameter><code value="generate-xml"/><value value="false"/></parameter><parameter><code value="generate-turtle"/><value value="false"/></parameter><parameter><code value="path-resource"/><value value="input/capabilities"/></parameter><parameter><code value="path-resource"/><value value="input/examples"/></parameter><parameter><code value="path-resource"/><value value="input/extensions"/></parameter><parameter><code value="path-resource"/><value value="input/models"/></parameter><parameter><code value="path-resource"/><value value="input/operations"/></parameter><parameter><code value="path-resource"/><value value="input/profiles"/></parameter><parameter><code value="path-resource"/><value value="input/resources"/></parameter><parameter><code value="path-resource"/><value value="input/vocabulary"/></parameter><parameter><code value="path-resource"/><value value="input/maps"/></parameter><parameter><code value="path-resource"/><value value="input/testing"/></parameter><parameter><code value="path-resource"/><value value="input/history"/></parameter><parameter><code value="path-resource"/><value value="fsh-generated/resources"/></parameter><parameter><code value="path-pages"/><value value="template/config"/></parameter><parameter><code value="path-pages"/><value value="input/images"/></parameter><parameter><code value="path-tx-cache"/><value value="input-cache/txcache"/></parameter></definition></ImplementationGuide>