<?xml version="1.0" encoding="UTF-8"?><ValueSet xmlns="http://hl7.org/fhir"><id value="kommunenummer-alle"/><text><status value="generated"/><div xmlns="http://www.w3.org/1999/xhtml"><p class="res-header-id"><b>Generated Narrative: ValueSet kommunenummer-alle</b></p><a name="kommunenummer-alle"> </a><a name="hckommunenummer-alle"> </a><ul><li>Include all codes defined in <a href="CodeSystem-kommunenummer-codesystem.html"><code>urn:oid:2.16.578.1.12.4.1.1.3402</code></a></li></ul></div></text><url value="http://hl7.no/fhir/ig/lmdi/ValueSet/kommunenummer-alle"/><version value="1.0.6"/><name value="KommunenummerValueSet"/><title value="Kommunenummer ValueSet"/><status value="active"/><date value="2025-09-10T11:45:52+00:00"/><publisher value="Folkehelseinstituttet"/><contact><name value="Folkehelseinstituttet"/><telecom><system value="url"/><value value="https://www.fhi.no"/></telecom></contact><contact><name value="Legemiddelregisteret"/><telecom><system value="email"/><value value="legemiddelregisteret@fhi.no"/></telecom></contact><description value="Komplett kodeverk for norske kommunenummer (Volven 3402)"/><jurisdiction><coding><system value="urn:iso:std:iso:3166"/><code value="NO"/><display value="Norway"/></coding></jurisdiction><compose><include><system value="urn:oid:2.16.578.1.12.4.1.1.3402"/></include></compose></ValueSet>