<?xml version="1.0" encoding="UTF-8"?><ValueSet xmlns="http://hl7.org/fhir"><id value="lmdi-address-type"/><text><status value="extensions"/><div xmlns="http://www.w3.org/1999/xhtml"><p class="res-header-id"><b>Generated Narrative: ValueSet lmdi-address-type</b></p><a name="lmdi-address-type"> </a><a name="hclmdi-address-type"> </a><ul><li>Include these codes as defined in <a href="http://hl7.org/fhir/R4/codesystem-address-type.html"><code>http://hl7.org/fhir/address-type</code></a> version <span title="Version is not explicitly stated, which means it is fixed to 4.0.1, the version found through the package references">📦4.0.1</span><table class="none"><tr><td style="white-space:nowrap"><b>Code</b></td><td><b>Display</b></td><td><b>Definition</b></td></tr><tr><td><a href="http://hl7.org/fhir/R4/codesystem-address-type.html#address-type-physical">physical</a></td><td style="color: #cccccc">Physical</td><td>A physical address that can be visited.</td></tr></table></li></ul></div></text><url value="http://hl7.no/fhir/ig/lmdi/ValueSet/lmdi-address-type"/><version value="1.0.7"/><name value="LmdiAddressType"/><title value="LMDI Address Type"/><status value="active"/><date value="2025-10-12T09:15:18+00:00"/><publisher value="Folkehelseinstituttet"/><contact><name value="Folkehelseinstituttet"/><telecom><system value="url"/><value value="https://www.fhi.no"/></telecom></contact><contact><name value="Legemiddelregisteret"/><telecom><system value="email"/><value value="legemiddelregisteret@fhi.no"/></telecom></contact><description value="Tillatt verdi for address.type i LMDI: physical"/><jurisdiction><coding><system value="urn:iso:std:iso:3166"/><code value="NO"/><display value="Norway"/></coding></jurisdiction><compose><include><system value="http://hl7.org/fhir/address-type"/><concept><code value="physical"/></concept></include></compose></ValueSet>