<?xml version="1.0" encoding="UTF-8"?><ValueSet xmlns="http://hl7.org/fhir"><id value="LokalLegemiddelkatalogValues"/><text><status value="generated"/><div xmlns="http://www.w3.org/1999/xhtml"><p class="res-header-id"><b>Generated Narrative: ValueSet LokalLegemiddelkatalogValues</b></p><a name="LokalLegemiddelkatalogValues"> </a><a name="hcLokalLegemiddelkatalogValues"> </a><ul><li>Include all codes defined in <a href="CodeSystem-LokalLegemiddelkatalogCodeSystem.html"><code>http://hl7.no/fhir/ig/lmdi/CodeSystem/LokalLegemiddelkatalogCodeSystem</code></a></li></ul></div></text><url value="http://hl7.no/fhir/ig/lmdi/ValueSet/LokalLegemiddelkatalogValues"/><version value="1.0.6"/><name value="LokalLegemiddelkatalogValues"/><title value="Lokal Legemiddelkatalog Values"/><status value="draft"/><date value="2025-09-10T11:45:52+00:00"/><publisher value="Folkehelseinstituttet"/><contact><name value="Folkehelseinstituttet"/><telecom><system value="url"/><value value="https://www.fhi.no"/></telecom></contact><contact><name value="Legemiddelregisteret"/><telecom><system value="email"/><value value="legemiddelregisteret@fhi.no"/></telecom></contact><description value="Gyldige verdier for medlemskapsstatus"/><jurisdiction><coding><system value="urn:iso:std:iso:3166"/><code value="NO"/><display value="Norway"/></coding></jurisdiction><compose><include><system value="http://hl7.no/fhir/ig/lmdi/CodeSystem/LokalLegemiddelkatalogCodeSystem"/></include></compose></ValueSet>