Source File	Size	loadResources	load	generateSnapshots	load-configure	scan	loadDepInfo	loadInfo	checkR4R4B	generateNarratives	validate	loadLists	checkConformanceResources	checkConformanceResources2	checkConformanceResources3	generateLogicalMaps	validateExpressions	scanForUsageStats	checkURLsUnique	processProvenanceDetails	generate1	generate2	generateLogicals	makeDependencies	generateExampleZip	generateValidationPack	scanProfilesForR5	scanExamplesForR5
/fsh-generated/resources/ImplementationGuide-hl7.fhir.no.lmdi.json	34436	-	0	0	0	0	0	0	21	81	0	0	0	0	0	0	0	1	0	0	148	307	0	0	0	13	0	2
fsh-generated/resources/Bundle-Bundle-Scenario-Sykehjem-Oksykodon.json	10218	7	40	0	1	0	0	0	1	1	0	0	0	0	0	0	0	0	0	0	17	121	0	0	0	0	0	0
fsh-generated/resources/CodeSystem-LokalLegemiddelkatalogCodeSystem.json	1443	2	0	0	0	0	0	0	0	7	0	0	1	0	1	0	0	0	0	0	11	95	0	0	0	1	0	0
fsh-generated/resources/CodeSystem-kommunenummer-codesystem.json	1067	1	0	0	0	0	0	0	1	3	0	0	0	0	1	0	0	0	0	0	8	73	0	0	0	1	0	0
fsh-generated/resources/Condition-Diagnose-ICD10-Allergi.json	596	1	0	0	0	0	0	0	0	0	0	0	0	0	0	0	0	0	0	0	3	11	0	0	0	0	0	0
fsh-generated/resources/Condition-Diagnose-ICD10-Multippel.json	729	1	0	0	1	0	0	0	0	0	0	0	0	0	0	0	0	0	0	0	4	6	0	0	0	0	0	0
fsh-generated/resources/Condition-Diagnose-ICD10.json	570	0	0	0	0	0	0	0	0	0	0	0	0	0	0	0	0	0	0	0	3	5	0	0	0	0	0	0
fsh-generated/resources/Condition-Diagnose-SNOMED-SCT.json	563	1	0	0	0	0	0	0	0	0	0	0	0	0	0	0	0	0	0	0	3	7	0	0	0	0	0	0
fsh-generated/resources/Encounter-Episode-Sykehjem.json	411	1	0	0	0	0	0	0	0	0	0	0	0	0	0	0	0	0	0	0	3	6	0	0	0	0	0	0
fsh-generated/resources/Encounter-Episode-Sykehus-2.json	415	0	0	0	0	0	0	0	1	0	0	0	0	0	0	0	0	0	0	0	3	4	0	0	0	0	0	0
fsh-generated/resources/Encounter-Episode-Sykehus.json	1111	1	0	0	0	0	0	0	0	0	0	0	0	0	0	0	0	0	0	0	4	7	0	0	0	0	0	0
fsh-generated/resources/Medication-Legemiddel-FestLegemiddelMerkevare.json	917	1	0	0	0	0	0	0	0	0	0	0	0	0	0	0	0	0	0	0	3	4	0	0	0	0	0	0
fsh-generated/resources/Medication-Legemiddel-FestLegemiddelVirkestoff-2.json	920	1	0	0	0	0	0	0	0	0	0	0	0	0	0	0	0	0	0	0	4	4	0	0	0	0	0	0
fsh-generated/resources/Medication-Legemiddel-FestLegemiddelVirkestoff.json	941	1	0	0	0	0	0	0	0	0	0	0	0	0	0	0	0	0	0	0	3	4	0	0	0	0	0	0
fsh-generated/resources/Medication-Legemiddel-FestLegemiddeldose.json	768	1	0	0	0	0	0	0	0	0	0	0	0	0	0	0	0	0	0	1	3	3	0	0	0	0	0	0
fsh-generated/resources/Medication-Legemiddel-FestLegemiddelpakning.json	940	1	0	0	0	0	0	0	0	0	0	0	0	0	0	0	0	0	0	0	4	4	0	0	0	0	0	0
fsh-generated/resources/Medication-Legemiddel-FestLmrLopenr.json	869	1	0	0	0	0	1	0	1	0	0	0	0	0	0	0	0	0	0	0	3	4	0	0	0	0	0	0
fsh-generated/resources/Medication-Legemiddel-Legemiddeldose-SmofKabiven.json	760	1	0	0	0	0	0	0	0	0	0	0	0	0	0	0	0	0	0	0	3	4	0	0	0	0	0	0
fsh-generated/resources/Medication-Legemiddel-LokaltLegemiddel-FlereIngredienser.json	2855	2	0	0	0	0	0	0	0	0	0	0	0	0	0	0	0	0	0	0	5	16	0	0	0	0	0	0
fsh-generated/resources/Medication-Legemiddel-MorfinKonsentrat.json	756	1	0	0	0	0	0	0	0	0	0	0	0	0	0	0	0	0	0	0	3	5	0	0	0	0	0	0
fsh-generated/resources/Medication-Legemiddel-NatriumkloridBBraun.json	839	0	0	0	0	0	0	0	0	0	0	0	0	0	0	0	0	0	0	0	2	4	0	0	0	0	0	0
fsh-generated/resources/Medication-Legemiddel-SCT.json	834	1	0	0	0	0	0	0	0	0	0	0	0	0	0	0	0	0	0	0	3	4	0	0	0	0	0	0
fsh-generated/resources/Medication-Legemiddel-Smerteblanding.json	2292	2	0	0	0	0	0	0	1	0	0	0	0	0	0	0	0	0	0	0	5	10	0	0	0	0	0	0
fsh-generated/resources/Medication-Legemiddel-UtenCoding.json	927	1	0	0	0	0	0	0	0	0	0	0	0	0	0	0	0	0	0	0	6	5	0	0	0	0	0	0
fsh-generated/resources/Medication-Legemiddel-Varenummer.json	886	0	0	0	0	0	0	0	0	0	0	0	0	0	0	0	0	0	0	0	3	4	0	0	0	0	0	0
fsh-generated/resources/Medication-Lokalt-legemiddel-cellegift.json	925	1	0	0	0	0	0	0	0	0	0	0	0	0	0	0	0	0	0	0	4	5	0	0	0	0	0	0
fsh-generated/resources/MedicationAdministration-Administrering-Cellegift.json	1321	1	0	0	0	0	0	0	0	0	0	0	0	0	0	0	0	0	0	0	4	14	0	0	0	0	0	0
fsh-generated/resources/MedicationAdministration-Administrering-EnteredInError.json	1252	1	0	0	0	0	0	0	1	0	0	0	0	0	0	0	0	0	0	0	4	11	0	0	0	0	0	0
fsh-generated/resources/MedicationAdministration-Administrering-Infusjon.json	1271	1	0	0	0	0	0	0	0	0	0	0	0	0	0	0	0	0	0	0	5	13	0	0	0	0	0	0
fsh-generated/resources/MedicationAdministration-Administrering-MedDiagnoseICD10.json	1022	1	0	0	0	0	0	0	0	0	0	0	0	0	0	0	0	0	0	0	3	9	0	0	0	0	0	0
fsh-generated/resources/MedicationAdministration-Administrering-MedDiagnoseSCT.json	926	1	0	0	0	0	0	0	0	0	0	0	0	0	0	0	0	0	0	0	4	9	0	0	0	0	0	0
fsh-generated/resources/MedicationAdministration-Administrering-Oral.json	898	1	0	0	0	0	0	0	0	0	0	0	0	0	0	0	0	0	0	0	3	9	0	0	0	0	0	0
fsh-generated/resources/MedicationAdministration-Administrering-Selvadministrert.json	1040	1	0	0	1	0	0	0	0	0	0	0	0	0	0	0	0	0	0	0	4	8	0	0	0	0	0	0
fsh-generated/resources/MedicationRequest-Rekvirering-Cellegift.json	1909	1	0	0	0	0	0	0	1	0	0	0	0	0	0	0	0	0	0	0	4	49	0	0	0	0	0	0
fsh-generated/resources/MedicationRequest-Rekvirering-EnteredInError.json	2173	1	0	0	0	0	0	0	0	0	0	0	0	0	0	0	0	0	0	0	6	10	0	0	0	0	0	0
fsh-generated/resources/MedicationRequest-Rekvirering-Infusjon.json	1584	1	0	0	0	0	0	0	0	0	0	0	0	0	0	0	0	0	0	0	4	10	0	0	0	0	0	0
fsh-generated/resources/MedicationRequest-Rekvirering-Kjemoterapi.json	1033	1	0	0	0	0	0	0	0	0	0	0	0	0	0	0	0	0	0	0	3	5	0	0	0	0	0	0
fsh-generated/resources/MedicationRequest-Rekvirering-MedDiagnoseICD10.json	1944	2	0	0	0	0	0	0	1	0	0	0	0	0	0	0	0	0	0	0	4	8	0	0	0	0	0	0
fsh-generated/resources/MedicationRequest-Rekvirering-Paracetamol.json	620	0	0	0	0	0	0	0	0	0	0	0	0	0	0	0	0	1	0	0	3	5	0	0	0	0	0	0
fsh-generated/resources/NamingSystem-lmdi-lokaltLegemiddel.json	660	1	12	0	0	0	0	0	0	4	318	0	0	0	0	0	0	0	0	0	6	7	0	0	0	0	0	0
fsh-generated/resources/NamingSystem-no-basis-fest-legemiddeldose.json	770	1	2	0	0	0	0	0	0	3	16	0	0	0	1	0	0	0	0	0	6	7	0	0	0	0	0	0
fsh-generated/resources/NamingSystem-no-basis-fest-legemiddelmerkevare.json	808	1	2	0	0	0	0	0	0	3	16	0	0	0	1	0	0	0	0	0	8	7	0	0	0	1	0	0
fsh-generated/resources/NamingSystem-no-basis-fest-legemiddelpakning.json	725	0	2	0	0	0	0	0	0	2	13	0	0	0	0	0	0	0	0	0	7	7	0	0	0	0	0	0
fsh-generated/resources/NamingSystem-no-basis-fest-legemiddelvirkestoff.json	697	1	2	0	0	0	0	0	1	2	14	0	0	0	1	0	0	0	0	0	8	7	0	0	0	0	0	0
fsh-generated/resources/Organization-Organisasjon-HF-2.json	329	1	0	0	0	0	0	0	0	0	0	0	0	0	0	0	0	0	0	0	2	3	0	0	0	0	0	0
fsh-generated/resources/Organization-Organisasjon-HF.json	420	0	0	0	0	0	0	0	0	0	0	0	0	0	0	0	0	0	0	0	3	3	0	0	0	0	0	0
fsh-generated/resources/Organization-Organisasjon-Kommune.json	769	2	0	0	0	0	0	0	0	0	0	0	0	0	0	0	0	0	0	0	3	3	0	0	0	0	0	0
fsh-generated/resources/Organization-Organisasjon-Post.json	603	1	0	0	0	0	0	0	0	0	0	0	0	0	0	0	0	0	0	0	3	8	0	0	0	0	0	0
fsh-generated/resources/Organization-Organisasjon-Seksjon.json	608	1	0	0	0	0	0	0	0	0	0	0	0	0	0	0	0	0	0	0	8	4	0	0	0	0	0	0
fsh-generated/resources/Organization-Organisasjon-Sykehjem.json	880	1	0	0	0	0	0	0	0	0	0	0	0	0	0	0	0	0	0	0	3	9	0	0	0	0	0	0
fsh-generated/resources/Organization-Organisasjon-Sykehus-2.json	620	0	0	0	0	0	0	0	0	0	0	0	0	0	0	0	0	0	0	0	3	6	0	0	0	0	0	0
fsh-generated/resources/Organization-Organisasjon-Sykehus.json	1032	2	0	0	0	0	0	0	0	0	0	0	0	0	0	0	0	0	0	0	3	4	0	0	0	0	0	0
fsh-generated/resources/Organization-Organisasjon-Sykehusavdeling.json	1006	1	0	0	1	0	0	0	1	0	0	0	0	0	0	0	0	0	0	0	4	3	0	0	0	0	0	0
fsh-generated/resources/Patient-Pasient-Med-DNR.json	367	1	0	0	0	0	0	0	0	0	0	0	0	0	0	0	0	0	0	0	3	3	0	0	0	0	0	0
fsh-generated/resources/Patient-Pasient-Med-FNR.json	1071	1	0	0	0	0	0	0	0	0	0	0	0	0	0	0	0	0	0	0	3	3	0	0	0	0	0	0
fsh-generated/resources/Patient-Pasient-Uten-Personidentifikator.json	635	1	0	0	0	0	0	0	0	0	0	0	0	0	0	0	0	0	0	0	3	3	0	0	0	0	0	0
fsh-generated/resources/Practitioner-Helsepersonell-Med-HPR.json	293	1	0	0	0	0	0	0	0	0	0	0	0	0	0	0	0	0	0	0	4	2	0	0	0	0	0	0
fsh-generated/resources/Practitioner-Helsepersonell-Uten-HPR.json	185	1	0	0	0	0	0	0	0	0	0	0	0	0	0	0	0	0	0	0	3	3	0	0	0	0	0	0
fsh-generated/resources/StructureDefinition-legemiddel-classification.json	2723	2	0	10	0	0	0	0	1	67	0	0	0	0	0	0	0	0	0	0	38	531	0	1	0	2	0	1
fsh-generated/resources/StructureDefinition-lmdi-bundle.json	8947	3	0	36	0	0	0	0	0	29	0	0	0	0	1	0	0	1	0	0	177	302	0	0	0	10	0	0
fsh-generated/resources/StructureDefinition-lmdi-condition.json	16282	6	0	81	0	0	0	0	0	53	0	0	0	0	0	0	0	0	0	0	250	381	0	0	0	18	0	1
fsh-generated/resources/StructureDefinition-lmdi-del-av-behandlingsregime.json	2298	2	0	11	0	0	0	0	0	8	0	0	0	0	0	0	0	0	0	0	29	94	0	0	0	3	0	0
fsh-generated/resources/StructureDefinition-lmdi-encounter.json	6832	3	0	58	0	0	0	0	0	35	0	0	1	0	1	0	0	1	0	0	201	249	0	0	0	15	0	1
fsh-generated/resources/StructureDefinition-lmdi-ingredient-strength.json	5767	2	0	9	0	0	0	0	0	10	0	0	0	0	0	0	0	0	0	0	41	80	0	0	0	2	0	0
fsh-generated/resources/StructureDefinition-lmdi-klinisk-studie.json	2044	2	0	5	0	0	0	0	0	6	0	0	0	0	0	0	0	0	0	0	27	68	0	0	0	1	0	0
fsh-generated/resources/StructureDefinition-lmdi-medication.json	39515	12	0	95	0	0	0	0	0	116	0	0	0	0	1	0	0	2	0	0	445	624	0	0	0	24	0	2
fsh-generated/resources/StructureDefinition-lmdi-medicationadministration.json	30853	9	0	79	1	0	0	0	1	79	0	0	0	0	0	0	0	0	0	0	269	365	0	0	0	22	0	1
fsh-generated/resources/StructureDefinition-lmdi-medicationrequest.json	18510	6	0	54	0	0	0	0	0	81	0	0	1	0	0	0	0	1	0	0	248	322	0	0	0	11	0	1
fsh-generated/resources/StructureDefinition-lmdi-organization.json	19652	7	0	81	0	0	0	0	0	56	0	0	0	0	1	0	0	1	0	0	291	305	0	0	0	17	1	2
fsh-generated/resources/StructureDefinition-lmdi-patient.json	17322	6	0	142	0	0	0	0	0	79	0	0	0	0	0	0	0	2	0	0	386	406	0	0	0	25	0	1
fsh-generated/resources/StructureDefinition-lmdi-practitioner.json	5675	3	0	69	0	0	0	0	0	37	0	0	0	0	0	0	0	1	0	0	222	324	0	0	0	10	0	1
fsh-generated/resources/StructureDefinition-lmdi-prosentvis-doseendring.json	2770	2	0	6	0	0	0	0	0	12	0	0	0	0	1	0	0	0	0	0	50	95	0	0	0	2	0	1
fsh-generated/resources/StructureDefinition-lmdi-substance.json	1870	1	0	24	0	0	0	0	0	23	0	0	1	0	0	0	0	0	0	0	102	158	0	0	0	4	0	0
fsh-generated/resources/StructureDefinition-npr-episode-identifier.json	6744	3	0	7	0	0	0	0	0	17	0	0	0	0	0	0	0	0	0	0	69	98	0	0	0	3	0	0
fsh-generated/resources/Substance-Virkestoff-Oksykodon.json	573	1	0	0	0	0	0	0	0	1	0	0	0	0	0	0	0	0	0	0	2	8	0	0	0	0	0	0
fsh-generated/resources/ValueSet-LokalLegemiddelkatalogValues.json	1218	1	0	0	0	0	0	0	0	70	0	0	0	0	1	0	0	1	0	0	6	88	0	0	0	0	0	0
fsh-generated/resources/ValueSet-atc-valueset.json	1436	1	0	0	0	0	0	0	1	4	0	0	0	0	0	0	0	0	0	0	5	55	0	0	0	0	0	0
fsh-generated/resources/ValueSet-kommunenummer-alle.json	1175	0	0	0	0	0	0	0	0	2	0	0	0	0	0	0	0	0	0	0	5	38	0	0	0	1	0	1
fsh-generated/resources/ValueSet-legemiddel-koder.json	1857	1	0	0	0	0	0	0	0	2	0	0	0	0	1	0	0	0	0	0	8	70	0	0	0	0	0	0
fsh-generated/resources/ValueSet-lmdi-address-type.json	1210	1	0	0	0	0	0	0	1	6	0	0	0	0	0	0	0	0	0	0	6	33	0	0	0	0	0	0
fsh-generated/resources/ValueSet-lmdi-address-use.json	1319	1	0	0	0	0	0	0	0	3	0	0	0	0	1	0	0	0	0	0	6	39	0	0	0	1	0	0
fsh-generated/resources/ValueSet-lmdi-medicationadministrationstatus.json	1649	1	0	0	0	0	0	0	0	4	0	0	0	0	0	0	0	0	0	0	7	36	0	0	0	0	0	0
/input/includes/certificates.zip	3755	-	-	-	0	0	0	0	0	0	0	0	0	0	0	0	0	0	0	0	0	0	0	0	0	0	0	0
/input/includes/menu.xml	1003	-	-	-	0	0	0	0	0	0	0	0	0	0	0	0	0	0	0	0	0	1	0	0	0	0	0	0
/input/includes/template-sd-summary.xml	477	-	-	-	0	0	0	0	0	0	0	0	0	0	0	0	0	0	0	0	0	0	0	0	0	0	0	0
/fsh-generated/includes/fsh-link-references.md	5692	-	-	-	0	0	0	0	0	0	0	0	0	0	0	0	0	0	0	0	0	0	0	0	0	0	0	0
/input/pagecontent/en-index.md	6817	-	-	-	0	0	0	0	0	0	0	0	0	0	0	0	0	0	0	0	0	0	0	0	0	0	0	0
/input/pagecontent/en-informasjonsmodell.md	197	-	-	-	0	0	0	0	0	0	0	0	0	0	0	0	0	0	0	0	0	0	0	0	0	0	0	0
/input/pagecontent/nedlastinger.md	784	-	-	-	0	0	0	0	0	0	0	0	0	0	0	0	0	0	0	0	0	0	0	0	0	0	0	0
/input/pagecontent/en-SignertKryptertBundle.md	6265	-	-	-	0	0	0	0	0	0	0	0	0	0	0	0	0	0	0	0	0	1	0	0	0	0	0	0
/input/pagecontent/index.md	6684	-	-	-	0	0	0	0	0	0	0	0	0	0	0	0	0	0	0	0	0	0	0	0	0	0	0	0
/input/pagecontent/eksempelkode_cs.md	10121	-	-	-	0	0	0	0	0	0	0	0	0	0	0	0	0	0	0	0	0	1	0	0	0	0	0	0
/input/pagecontent/en-integrasjon.md	6400	-	-	-	0	0	0	0	0	0	0	0	0	0	0	0	0	0	0	0	0	0	0	0	0	0	0	0
/input/pagecontent/eksempelkode_ps1.md	19236	-	-	-	0	0	0	0	0	0	0	0	0	0	0	0	0	0	0	0	0	1	0	0	0	0	0	0
/input/pagecontent/en-eksempelkode_ps1.md	19013	-	-	-	0	0	0	0	0	0	0	0	0	0	0	0	0	0	0	0	0	1	0	0	0	0	0	0
/input/pagecontent/en-protokoll.md	2118	-	-	-	0	0	0	0	0	0	0	0	0	0	0	0	0	0	0	0	0	0	0	0	0	0	0	0
/input/pagecontent/todo.md	202	-	-	-	0	0	0	0	0	0	0	0	0	0	0	0	0	0	0	0	0	0	0	0	0	0	0	0
/input/pagecontent/en-profiler.md	4319	-	-	-	0	0	0	0	0	0	0	0	0	0	0	0	0	0	0	0	0	0	0	0	0	0	0	0
/input/pagecontent/informasjonsmodell.md	193	-	-	-	0	0	0	0	0	0	0	0	0	0	0	0	0	0	0	0	0	0	0	0	0	0	0	0
/input/pagecontent/profiler.md	3875	-	-	-	0	0	0	0	0	0	0	0	0	0	0	0	0	0	0	0	0	1	0	0	0	0	0	0
/input/pagecontent/integrasjon.md	6448	-	-	-	0	0	0	0	0	0	0	0	0	0	0	0	0	0	0	0	0	0	0	0	0	0	0	0
/input/pagecontent/SignertKryptertBundle.md	6295	-	-	-	0	0	0	0	0	0	0	0	0	0	0	0	0	0	0	0	0	0	0	0	0	0	0	0
/input/pagecontent/_glossary-no-en.md	1429	-	-	-	0	0	0	0	0	0	0	0	0	0	0	0	0	0	0	0	0	0	0	0	0	0	0	0
/input/pagecontent/en-eksempelkode_cs.md	9785	-	-	-	0	0	0	0	0	0	0	0	0	0	0	0	0	0	0	0	0	1	0	0	0	0	0	0
/input/pagecontent/protokoll.md	2131	-	-	-	0	0	0	0	0	0	0	0	0	0	0	0	0	0	0	0	0	0	0	0	0	0	0	0
/input/pagecontent/en-nedlastinger.md	792	-	-	-	0	0	0	0	0	0	0	0	0	0	0	0	0	0	0	0	0	0	0	0	0	0	0	0
/template/config	0	-	-	-	0	0	0	0	0	0	0	0	0	0	0	0	0	0	0	0	0	0	0	0	0	0	0	0
/template/config/_config.yml	31	-	-	-	0	0	0	0	0	0	0	0	0	0	0	0	0	0	0	0	0	0	0	0	0	0	0	0
/input/images	0	-	-	-	0	0	0	0	0	0	0	0	0	0	0	0	0	0	0	0	0	1	0	0	0	0	0	0
/input/images/logo-norsk-forkortelse.svg	2154	-	-	-	0	0	0	0	0	0	0	0	0	0	0	0	0	0	0	0	0	0	0	0	0	0	0	0
/input/images/flyt-enkel-2.plantuml	586	-	-	-	0	0	0	0	0	0	0	0	0	0	0	0	0	0	0	0	0	0	0	0	0	0	0	0
/input/images/logo-norsk-hele-navnet.svg	8846	-	-	-	0	0	0	0	0	0	0	0	0	0	0	0	0	0	0	0	0	0	0	0	0	0	0	0
/input/images/flyt-enkel-2.svg	8463	-	-	-	0	0	0	0	0	0	0	0	0	0	0	0	0	0	0	0	0	0	0	0	0	0	0	0
/input/images/informasjonsmodell-enkel.plantuml	2036	-	-	-	0	0	0	0	0	0	0	0	0	0	0	0	0	0	0	0	0	0	0	0	0	0	0	0
/input/images/lmdi-2.png	14981	-	-	-	0	0	0	0	0	0	0	0	0	0	0	0	0	0	0	0	0	0	0	0	0	0	0	0
/input/images/informasjonsmodell-enkel.svg	26196	-	-	-	0	0	0	0	0	0	0	0	0	0	0	0	0	0	0	0	0	0	0	0	0	0	0	0
/input/images/flyt-enkel-1.plantuml	567	-	-	-	0	0	0	0	0	0	0	0	0	0	0	0	0	0	0	0	0	0	0	0	0	0	0	0
/input/images/lmdi-1.png	582734	-	-	-	0	0	0	0	0	0	0	0	0	0	0	0	0	0	0	0	0	1	0	0	0	0	0	0
/input/images/informasjonsmodell.plantuml	4677	-	-	-	0	0	0	0	0	0	0	0	0	0	0	0	0	0	0	0	0	0	0	0	0	0	0	0
/input/images/signertkryptertbundle-en.svg	8831	-	-	-	0	0	0	0	0	0	0	0	0	0	0	0	0	0	0	0	0	0	0	0	0	0	0	0
/input/images/informasjonsmodell.svg	36924	-	-	-	0	0	0	0	0	0	0	0	0	0	0	0	0	0	0	0	0	0	0	0	0	0	0	0
/input/images/flyt-enkel-1.svg	9632	-	-	-	0	0	0	0	0	0	0	0	0	0	0	0	0	0	0	0	0	0	0	0	0	0	0	0
/input/images/signertkryptertbundle.svg	8827	-	-	-	0	0	0	0	0	0	0	0	0	0	0	0	0	0	0	0	0	0	0	0	0	0	0	0
/temp/pages/_includes/artifacts.xml	37385	-	-	-	-	-	-	-	-	-	-	-	-	-	-	-	-	-	-	-	-	2	0	0	0	0	0	0
