[
  {
    "id" : "atc-valueset",
    "type" : "ValueSet",
    "url" : "http://fhir.no/ValueSet/atc-valueset",
    "version" : "1.0.4",
    "name" : "ATCValueSet"
  },
  {
    "id" : "LokalLegemiddelkatalogCodeSystem",
    "type" : "CodeSystem",
    "url" : "http://hl7.no/fhir/ig/lmdi/CodeSystem/LokalLegemiddelkatalogCodeSystem",
    "version" : "1.0.4",
    "name" : "LokalLegemiddelkatalogCodeSystem"
  },
  {
    "id" : "hl7.fhir.no.lmdi",
    "type" : "ImplementationGuide",
    "url" : "http://hl7.no/fhir/ig/lmdi/ImplementationGuide/hl7.fhir.no.lmdi",
    "version" : "1.0.4",
    "name" : "Lmdi"
  },
  {
    "id" : "lmdi-lokaltLegemiddel",
    "type" : "NamingSystem",
    "url" : "http://hl7.no/fhir/ig/lmdi/NamingSystem/lmdi-lokaltLegemiddel",
    "version" : "1.0.4",
    "name" : "lmdiLokaltLegemiddel"
  },
  {
    "id" : "no-basis-fest-legemiddeldose",
    "type" : "NamingSystem",
    "url" : "http://hl7.no/fhir/ig/lmdi/NamingSystem/no-basis-fest-legemiddeldose",
    "version" : "1.0.4",
    "name" : "festLegemiddelDose"
  },
  {
    "id" : "no-basis-fest-legemiddelmerkevare",
    "type" : "NamingSystem",
    "url" : "http://hl7.no/fhir/ig/lmdi/NamingSystem/no-basis-fest-legemiddelmerkevare",
    "version" : "1.0.4",
    "name" : "festLegemiddelMerkevare"
  },
  {
    "id" : "no-basis-fest-legemiddelpakning",
    "type" : "NamingSystem",
    "url" : "http://hl7.no/fhir/ig/lmdi/NamingSystem/no-basis-fest-legemiddelpakning",
    "version" : "1.0.4",
    "name" : "festLegemiddelPakning"
  },
  {
    "id" : "no-basis-fest-legemiddelvirkestoff",
    "type" : "NamingSystem",
    "url" : "http://hl7.no/fhir/ig/lmdi/NamingSystem/no-basis-fest-legemiddelvirkestoff",
    "version" : "1.0.4",
    "name" : "festLegemiddelVirkestoff"
  },
  {
    "id" : "legemiddel-classification",
    "type" : "StructureDefinition",
    "url" : "http://hl7.no/fhir/ig/lmdi/StructureDefinition/legemiddel-classification",
    "version" : "1.0.4",
    "name" : "LegemiddelClassification"
  },
  {
    "id" : "lmdi-bundle",
    "type" : "StructureDefinition",
    "url" : "http://hl7.no/fhir/ig/lmdi/StructureDefinition/lmdi-bundle",
    "version" : "1.0.4",
    "name" : "LegemiddelregisterBundle"
  },
  {
    "id" : "lmdi-condition",
    "type" : "StructureDefinition",
    "url" : "http://hl7.no/fhir/ig/lmdi/StructureDefinition/lmdi-condition",
    "version" : "1.0.4",
    "name" : "Diagnose"
  },
  {
    "id" : "lmdi-del-av-behandlingsregime",
    "type" : "StructureDefinition",
    "url" : "http://hl7.no/fhir/ig/lmdi/StructureDefinition/lmdi-del-av-behandlingsregime",
    "version" : "1.0.4",
    "name" : "DelAvBehandlingsregime"
  },
  {
    "id" : "lmdi-encounter",
    "type" : "StructureDefinition",
    "url" : "http://hl7.no/fhir/ig/lmdi/StructureDefinition/lmdi-encounter",
    "version" : "1.0.4",
    "name" : "Episode"
  },
  {
    "id" : "lmdi-klinisk-studie",
    "type" : "StructureDefinition",
    "url" : "http://hl7.no/fhir/ig/lmdi/StructureDefinition/lmdi-klinisk-studie",
    "version" : "1.0.4",
    "name" : "KliniskStudie"
  },
  {
    "id" : "lmdi-medication",
    "type" : "StructureDefinition",
    "url" : "http://hl7.no/fhir/ig/lmdi/StructureDefinition/lmdi-medication",
    "version" : "1.0.4",
    "name" : "Legemiddel"
  },
  {
    "id" : "lmdi-medicationadministration",
    "type" : "StructureDefinition",
    "url" : "http://hl7.no/fhir/ig/lmdi/StructureDefinition/lmdi-medicationadministration",
    "version" : "1.0.4",
    "name" : "Legemiddeladministrering"
  },
  {
    "id" : "lmdi-medicationrequest",
    "type" : "StructureDefinition",
    "url" : "http://hl7.no/fhir/ig/lmdi/StructureDefinition/lmdi-medicationrequest",
    "version" : "1.0.4",
    "name" : "Legemiddelrekvirering"
  },
  {
    "id" : "lmdi-municipalitycode",
    "type" : "StructureDefinition",
    "url" : "http://hl7.no/fhir/ig/lmdi/StructureDefinition/lmdi-municipalitycode",
    "version" : "1.0.4",
    "name" : "LmdiMunicipalitycode"
  },
  {
    "id" : "lmdi-organization",
    "type" : "StructureDefinition",
    "url" : "http://hl7.no/fhir/ig/lmdi/StructureDefinition/lmdi-organization",
    "version" : "1.0.4",
    "name" : "Organisasjon"
  },
  {
    "id" : "lmdi-patient",
    "type" : "StructureDefinition",
    "url" : "http://hl7.no/fhir/ig/lmdi/StructureDefinition/lmdi-patient",
    "version" : "1.0.4",
    "name" : "Pasient"
  },
  {
    "id" : "lmdi-practitioner",
    "type" : "StructureDefinition",
    "url" : "http://hl7.no/fhir/ig/lmdi/StructureDefinition/lmdi-practitioner",
    "version" : "1.0.4",
    "name" : "Helsepersonell"
  },
  {
    "id" : "lmdi-prosentvis-doseendring",
    "type" : "StructureDefinition",
    "url" : "http://hl7.no/fhir/ig/lmdi/StructureDefinition/lmdi-prosentvis-doseendring",
    "version" : "1.0.4",
    "name" : "ProsentvisDoseendring"
  },
  {
    "id" : "lmdi-substance",
    "type" : "StructureDefinition",
    "url" : "http://hl7.no/fhir/ig/lmdi/StructureDefinition/lmdi-substance",
    "version" : "1.0.4",
    "name" : "Virkestoff"
  },
  {
    "id" : "lmdi-urban-district",
    "type" : "StructureDefinition",
    "url" : "http://hl7.no/fhir/ig/lmdi/StructureDefinition/lmdi-urban-district",
    "version" : "1.0.4",
    "name" : "LmdiUrbanDistrict"
  },
  {
    "id" : "npr-episode-identifier",
    "type" : "StructureDefinition",
    "url" : "http://hl7.no/fhir/ig/lmdi/StructureDefinition/npr-episode-identifier",
    "version" : "1.0.4",
    "name" : "NprEpisodeIdentifier"
  },
  {
    "id" : "LokalLegemiddelkatalogValues",
    "type" : "ValueSet",
    "url" : "http://hl7.no/fhir/ig/lmdi/ValueSet/LokalLegemiddelkatalogValues",
    "version" : "1.0.4",
    "name" : "LokalLegemiddelkatalogValues"
  },
  {
    "id" : "kommunenummer-alle",
    "type" : "ValueSet",
    "url" : "http://hl7.no/fhir/ig/lmdi/ValueSet/kommunenummer-alle",
    "version" : "1.0.4",
    "name" : "KommunenummerValueSet"
  },
  {
    "id" : "legemiddel-koder",
    "type" : "ValueSet",
    "url" : "http://hl7.no/fhir/ig/lmdi/ValueSet/legemiddel-koder",
    "version" : "1.0.4",
    "name" : "LegemiddelKoder"
  },
  {
    "id" : "lmdi-medicationadministrationstatus",
    "type" : "ValueSet",
    "url" : "http://hl7.no/fhir/ig/lmdi/ValueSet/lmdi-medicationadministrationstatus",
    "version" : "1.0.4",
    "name" : "LegemiddeladministreringStatus"
  },
  {
    "id" : "kommunenummer-codesystem",
    "type" : "CodeSystem",
    "url" : "urn:oid:2.16.578.1.12.4.1.1.3402",
    "version" : "1.0.4",
    "name" : "KommunenummerCodeSystem"
  }
]
