[
  {
    "id" : "lokal-legemiddelkatalog-extension",
    "type" : "StructureDefinition",
    "url" : "http://fhi.no/fhir/lmr/lokal-legemiddel-katalog",
    "version" : "1.0.0",
    "name" : "LokalLegemiddelkatalogExtension"
  },
  {
    "id" : "LokalLegemiddelkatalogCodeSystem",
    "type" : "CodeSystem",
    "url" : "http://hl7.no/fhir/ig/lmdi/CodeSystem/LokalLegemiddelkatalogCodeSystem",
    "version" : "1.0.0",
    "name" : "LokalLegemiddelkatalogCodeSystem"
  },
  {
    "id" : "hl7.fhir.no.lmdi",
    "type" : "ImplementationGuide",
    "url" : "http://hl7.no/fhir/ig/lmdi/ImplementationGuide/hl7.fhir.no.lmdi",
    "version" : "1.0.0",
    "name" : "Lmdi"
  },
  {
    "id" : "lmdi-lokaltLegemiddel",
    "type" : "NamingSystem",
    "url" : "http://hl7.no/fhir/ig/lmdi/NamingSystem/lmdi-lokaltLegemiddel",
    "version" : "1.0.0",
    "name" : "lmdiLokaltLegemiddel"
  },
  {
    "id" : "no-basis-fest-legemiddeldose",
    "type" : "NamingSystem",
    "url" : "http://hl7.no/fhir/ig/lmdi/NamingSystem/no-basis-fest-legemiddeldose",
    "version" : "1.0.0",
    "name" : "festLegemiddelDose"
  },
  {
    "id" : "no-basis-fest-legemiddelmerkevare",
    "type" : "NamingSystem",
    "url" : "http://hl7.no/fhir/ig/lmdi/NamingSystem/no-basis-fest-legemiddelmerkevare",
    "version" : "1.0.0",
    "name" : "festLegemiddelMerkevare"
  },
  {
    "id" : "no-basis-fest-legemiddelpakning",
    "type" : "NamingSystem",
    "url" : "http://hl7.no/fhir/ig/lmdi/NamingSystem/no-basis-fest-legemiddelpakning",
    "version" : "1.0.0",
    "name" : "festLegemiddelPakning"
  },
  {
    "id" : "no-basis-fest-legemiddelvirkestoff",
    "type" : "NamingSystem",
    "url" : "http://hl7.no/fhir/ig/lmdi/NamingSystem/no-basis-fest-legemiddelvirkestoff",
    "version" : "1.0.0",
    "name" : "festLegemiddelVirkestoff"
  },
  {
    "id" : "lmdi-bundle",
    "type" : "StructureDefinition",
    "url" : "http://hl7.no/fhir/ig/lmdi/StructureDefinition/lmdi-bundle",
    "version" : "1.0.0",
    "name" : "LegemiddelregisterBundle"
  },
  {
    "id" : "lmdi-condition",
    "type" : "StructureDefinition",
    "url" : "http://hl7.no/fhir/ig/lmdi/StructureDefinition/lmdi-condition",
    "version" : "1.0.0",
    "name" : "Diagnose"
  },
  {
    "id" : "lmdi-encounter",
    "type" : "StructureDefinition",
    "url" : "http://hl7.no/fhir/ig/lmdi/StructureDefinition/lmdi-encounter",
    "version" : "1.0.0",
    "name" : "Episode"
  },
  {
    "id" : "lmdi-medication",
    "type" : "StructureDefinition",
    "url" : "http://hl7.no/fhir/ig/lmdi/StructureDefinition/lmdi-medication",
    "version" : "1.0.0",
    "name" : "Legemiddel"
  },
  {
    "id" : "lmdi-medicationadministration",
    "type" : "StructureDefinition",
    "url" : "http://hl7.no/fhir/ig/lmdi/StructureDefinition/lmdi-medicationadministration",
    "version" : "1.0.0",
    "name" : "Legemiddeladministrering"
  },
  {
    "id" : "lmdi-medicationrequest",
    "type" : "StructureDefinition",
    "url" : "http://hl7.no/fhir/ig/lmdi/StructureDefinition/lmdi-medicationrequest",
    "version" : "1.0.0",
    "name" : "Legemiddelrekvirering"
  },
  {
    "id" : "lmdi-municipalitycode",
    "type" : "StructureDefinition",
    "url" : "http://hl7.no/fhir/ig/lmdi/StructureDefinition/lmdi-municipalitycode",
    "version" : "1.0.0",
    "name" : "LmdiMunicipalitycode"
  },
  {
    "id" : "lmdi-organization",
    "type" : "StructureDefinition",
    "url" : "http://hl7.no/fhir/ig/lmdi/StructureDefinition/lmdi-organization",
    "version" : "1.0.0",
    "name" : "Organisasjon"
  },
  {
    "id" : "lmdi-patient",
    "type" : "StructureDefinition",
    "url" : "http://hl7.no/fhir/ig/lmdi/StructureDefinition/lmdi-patient",
    "version" : "1.0.0",
    "name" : "Pasient"
  },
  {
    "id" : "lmdi-practitioner",
    "type" : "StructureDefinition",
    "url" : "http://hl7.no/fhir/ig/lmdi/StructureDefinition/lmdi-practitioner",
    "version" : "1.0.0",
    "name" : "Helsepersonell"
  },
  {
    "id" : "lmdi-urban-district",
    "type" : "StructureDefinition",
    "url" : "http://hl7.no/fhir/ig/lmdi/StructureDefinition/lmdi-urban-district",
    "version" : "1.0.0",
    "name" : "LmdiUrbanDistrict"
  },
  {
    "id" : "LokalLegemiddelkatalogValues",
    "type" : "ValueSet",
    "url" : "http://hl7.no/fhir/ig/lmdi/ValueSet/LokalLegemiddelkatalogValues",
    "version" : "1.0.0",
    "name" : "LokalLegemiddelkatalogValues"
  },
  {
    "id" : "lmdi-medicationadministrationstatus",
    "type" : "ValueSet",
    "url" : "http://hl7.no/fhir/ig/lmdi/ValueSet/lmdi-medicationadministrationstatus",
    "version" : "1.0.0",
    "name" : "LegemiddeladministreringStatus"
  }
]
