{
  "resourceType" : "CodeSystem",
  "id" : "LokalLegemiddelkatalogCodeSystem",
  "text" : {
    "status" : "generated",
    "div" : "<div xmlns=\"http://www.w3.org/1999/xhtml\"><p class=\"res-header-id\"><b>Generated Narrative: CodeSystem LokalLegemiddelkatalogCodeSystem</b></p><a name=\"LokalLegemiddelkatalogCodeSystem\"> </a><a name=\"hcLokalLegemiddelkatalogCodeSystem\"> </a><p>This  code system <code>http://hl7.no/fhir/ig/lmdi/CodeSystem/LokalLegemiddelkatalogCodeSystem</code> defines the following codes:</p><table class=\"codes\"><tr><td style=\"white-space:nowrap\"><b>Code</b></td><td><b>Display</b></td><td><b>Definition</b></td></tr><tr><td style=\"white-space:nowrap\">metavisionkatalogFraHso<a name=\"LokalLegemiddelkatalogCodeSystem-metavisionkatalogFraHso\"> </a></td><td>MetavisionkatalogFraHso</td><td>Metavisionkatalog fra Helse Sør-Øst</td></tr><tr><td style=\"white-space:nowrap\">metavisionkatalogFraHN<a name=\"LokalLegemiddelkatalogCodeSystem-metavisionkatalogFraHN\"> </a></td><td>MetavisionkatalogFraHN</td><td>Metavisionkatalog fra Helse Nord</td></tr></table></div>"
  },
  "url" : "http://hl7.no/fhir/ig/lmdi/CodeSystem/LokalLegemiddelkatalogCodeSystem",
  "version" : "1.0.7",
  "name" : "LokalLegemiddelkatalogCodeSystem",
  "title" : "Lokal Legemiddelkatalog Codes",
  "status" : "draft",
  "date" : "2025-10-17T18:23:46+00:00",
  "publisher" : "Folkehelseinstituttet",
  "contact" : [{
    "name" : "Folkehelseinstituttet",
    "telecom" : [{
      "system" : "url",
      "value" : "https://www.fhi.no"
    }]
  },
  {
    "name" : "Legemiddelregisteret",
    "telecom" : [{
      "system" : "email",
      "value" : "legemiddelregisteret@fhi.no"
    }]
  }],
  "description" : "Kodesystem for lokal legemiddelkatalog",
  "jurisdiction" : [{
    "coding" : [{
      "system" : "urn:iso:std:iso:3166",
      "code" : "NO",
      "display" : "Norway"
    }]
  }],
  "content" : "complete",
  "count" : 2,
  "concept" : [{
    "code" : "metavisionkatalogFraHso",
    "display" : "MetavisionkatalogFraHso",
    "definition" : "Metavisionkatalog fra Helse Sør-Øst"
  },
  {
    "code" : "metavisionkatalogFraHN",
    "display" : "MetavisionkatalogFraHN",
    "definition" : "Metavisionkatalog fra Helse Nord"
  }]
}