{
  "resourceType" : "ImplementationGuide",
  "id" : "hl7.fhir.no.lmdi",
  "language" : "no",
  "text" : {
    "status" : "generated",
    "div" : "<div xml:lang=\"no\" xmlns=\"http://www.w3.org/1999/xhtml\" lang=\"no\"><p class=\"res-header-id\"><b>Generated Narrative: ImplementationGuide hl7.fhir.no.lmdi</b></p><a name=\"hl7.fhir.no.lmdi\"> </a><a name=\"hchl7.fhir.no.lmdi\"> </a><div style=\"display: inline-block; background-color: #d9e0e7; padding: 6px; margin: 4px; border: 1px solid #8da1b4; border-radius: 5px; line-height: 60%\"><p style=\"margin-bottom: 0px\">Language: no</p></div><h2>Lmdi</h2><p>The official URL for this implementation guide is: </p><pre>http://hl7.no/fhir/ig/lmdi/ImplementationGuide/hl7.fhir.no.lmdi</pre><div><p>Denne implementasjongguiden beskriver hvordan institusjoner skal overføre data om legemiddelbruk i institusjoner til Legemiddelregisteret</p>\n</div></div>"
  },
  "url" : "http://hl7.no/fhir/ig/lmdi/ImplementationGuide/hl7.fhir.no.lmdi",
  "version" : "1.0.6",
  "name" : "Lmdi",
  "title" : "Legemiddeldata fra institusjon til Legemiddelregisteret",
  "status" : "draft",
  "date" : "2025-09-12",
  "publisher" : "Folkehelseinstituttet",
  "contact" : [{
    "name" : "Folkehelseinstituttet",
    "telecom" : [{
      "system" : "url",
      "value" : "https://www.fhi.no"
    }]
  },
  {
    "name" : "Legemiddelregisteret",
    "telecom" : [{
      "system" : "email",
      "value" : "legemiddelregisteret@fhi.no"
    }]
  }],
  "description" : "Denne implementasjongguiden beskriver hvordan institusjoner skal overføre data om legemiddelbruk i institusjoner til Legemiddelregisteret",
  "jurisdiction" : [{
    "coding" : [{
      "system" : "urn:iso:std:iso:3166",
      "code" : "NO",
      "display" : "Norway"
    }]
  }],
  "packageId" : "hl7.fhir.no.lmdi",
  "license" : "CC-BY-4.0",
  "fhirVersion" : ["4.0.1"],
  "dependsOn" : [{
    "id" : "hl7tx",
    "extension" : [{
      "url" : "http://hl7.org/fhir/tools/StructureDefinition/implementationguide-dependency-comment",
      "valueMarkdown" : "Automatically added as a dependency - all IGs depend on HL7 Terminology"
    }],
    "uri" : "http://terminology.hl7.org/ImplementationGuide/hl7.terminology",
    "packageId" : "hl7.terminology.r4",
    "version" : "6.5.0"
  },
  {
    "id" : "hl7_fhir_uv_extensions_r4",
    "uri" : "http://hl7.org/fhir/extensions/ImplementationGuide/hl7.fhir.uv.extensions",
    "packageId" : "hl7.fhir.uv.extensions.r4",
    "version" : "5.2.0"
  },
  {
    "id" : "hl7_fhir_no_basis",
    "uri" : "http://fhir.org/packages/hl7.fhir.no.basis/ImplementationGuide/hl7.fhir.no.basis",
    "packageId" : "hl7.fhir.no.basis",
    "version" : "2.2.0"
  }],
  "definition" : {
    "extension" : [{
      "extension" : [{
        "url" : "code",
        "valueString" : "copyrightyear"
      },
      {
        "url" : "value",
        "valueString" : "2024+"
      }],
      "url" : "http://hl7.org/fhir/tools/StructureDefinition/ig-parameter"
    },
    {
      "extension" : [{
        "url" : "code",
        "valueString" : "releaselabel"
      },
      {
        "url" : "value",
        "valueString" : "ci-build"
      }],
      "url" : "http://hl7.org/fhir/tools/StructureDefinition/ig-parameter"
    },
    {
      "extension" : [{
        "url" : "code",
        "valueString" : "path-assets"
      },
      {
        "url" : "value",
        "valueString" : "input/assets"
      }],
      "url" : "http://hl7.org/fhir/tools/StructureDefinition/ig-parameter"
    },
    {
      "extension" : [{
        "url" : "code",
        "valueString" : "apply-contact"
      },
      {
        "url" : "value",
        "valueString" : "true"
      }],
      "url" : "http://hl7.org/fhir/tools/StructureDefinition/ig-parameter"
    },
    {
      "extension" : [{
        "url" : "code",
        "valueString" : "apply-jurisdiction"
      },
      {
        "url" : "value",
        "valueString" : "true"
      }],
      "url" : "http://hl7.org/fhir/tools/StructureDefinition/ig-parameter"
    },
    {
      "extension" : [{
        "url" : "code",
        "valueString" : "autoload-resources"
      },
      {
        "url" : "value",
        "valueString" : "true"
      }],
      "url" : "http://hl7.org/fhir/tools/StructureDefinition/ig-parameter"
    },
    {
      "extension" : [{
        "url" : "code",
        "valueString" : "path-liquid"
      },
      {
        "url" : "value",
        "valueString" : "template/liquid"
      }],
      "url" : "http://hl7.org/fhir/tools/StructureDefinition/ig-parameter"
    },
    {
      "extension" : [{
        "url" : "code",
        "valueString" : "path-liquid"
      },
      {
        "url" : "value",
        "valueString" : "input/liquid"
      }],
      "url" : "http://hl7.org/fhir/tools/StructureDefinition/ig-parameter"
    },
    {
      "extension" : [{
        "url" : "code",
        "valueString" : "path-qa"
      },
      {
        "url" : "value",
        "valueString" : "temp/qa"
      }],
      "url" : "http://hl7.org/fhir/tools/StructureDefinition/ig-parameter"
    },
    {
      "extension" : [{
        "url" : "code",
        "valueString" : "path-temp"
      },
      {
        "url" : "value",
        "valueString" : "temp/pages"
      }],
      "url" : "http://hl7.org/fhir/tools/StructureDefinition/ig-parameter"
    },
    {
      "extension" : [{
        "url" : "code",
        "valueString" : "path-output"
      },
      {
        "url" : "value",
        "valueString" : "output"
      }],
      "url" : "http://hl7.org/fhir/tools/StructureDefinition/ig-parameter"
    },
    {
      "extension" : [{
        "url" : "code",
        "valueString" : "path-suppressed-warnings"
      },
      {
        "url" : "value",
        "valueString" : "input/ignoreWarnings.txt"
      }],
      "url" : "http://hl7.org/fhir/tools/StructureDefinition/ig-parameter"
    },
    {
      "extension" : [{
        "url" : "code",
        "valueString" : "path-history"
      },
      {
        "url" : "value",
        "valueString" : "http://hl7.no/fhir/ig/lmdi/history.html"
      }],
      "url" : "http://hl7.org/fhir/tools/StructureDefinition/ig-parameter"
    },
    {
      "extension" : [{
        "url" : "code",
        "valueString" : "template-html"
      },
      {
        "url" : "value",
        "valueString" : "template-page.html"
      }],
      "url" : "http://hl7.org/fhir/tools/StructureDefinition/ig-parameter"
    },
    {
      "extension" : [{
        "url" : "code",
        "valueString" : "template-md"
      },
      {
        "url" : "value",
        "valueString" : "template-page-md.html"
      }],
      "url" : "http://hl7.org/fhir/tools/StructureDefinition/ig-parameter"
    },
    {
      "extension" : [{
        "url" : "code",
        "valueString" : "apply-context"
      },
      {
        "url" : "value",
        "valueString" : "true"
      }],
      "url" : "http://hl7.org/fhir/tools/StructureDefinition/ig-parameter"
    },
    {
      "extension" : [{
        "url" : "code",
        "valueString" : "apply-copyright"
      },
      {
        "url" : "value",
        "valueString" : "true"
      }],
      "url" : "http://hl7.org/fhir/tools/StructureDefinition/ig-parameter"
    },
    {
      "extension" : [{
        "url" : "code",
        "valueString" : "apply-license"
      },
      {
        "url" : "value",
        "valueString" : "true"
      }],
      "url" : "http://hl7.org/fhir/tools/StructureDefinition/ig-parameter"
    },
    {
      "extension" : [{
        "url" : "code",
        "valueString" : "apply-publisher"
      },
      {
        "url" : "value",
        "valueString" : "true"
      }],
      "url" : "http://hl7.org/fhir/tools/StructureDefinition/ig-parameter"
    },
    {
      "extension" : [{
        "url" : "code",
        "valueString" : "apply-version"
      },
      {
        "url" : "value",
        "valueString" : "true"
      }],
      "url" : "http://hl7.org/fhir/tools/StructureDefinition/ig-parameter"
    },
    {
      "extension" : [{
        "url" : "code",
        "valueString" : "apply-wg"
      },
      {
        "url" : "value",
        "valueString" : "true"
      }],
      "url" : "http://hl7.org/fhir/tools/StructureDefinition/ig-parameter"
    },
    {
      "extension" : [{
        "url" : "code",
        "valueString" : "active-tables"
      },
      {
        "url" : "value",
        "valueString" : "true"
      }],
      "url" : "http://hl7.org/fhir/tools/StructureDefinition/ig-parameter"
    },
    {
      "extension" : [{
        "url" : "code",
        "valueString" : "fmm-definition"
      },
      {
        "url" : "value",
        "valueString" : "http://hl7.org/fhir/versions.html#maturity"
      }],
      "url" : "http://hl7.org/fhir/tools/StructureDefinition/ig-parameter"
    },
    {
      "extension" : [{
        "url" : "code",
        "valueString" : "propagate-status"
      },
      {
        "url" : "value",
        "valueString" : "true"
      }],
      "url" : "http://hl7.org/fhir/tools/StructureDefinition/ig-parameter"
    },
    {
      "extension" : [{
        "url" : "code",
        "valueString" : "excludelogbinaryformat"
      },
      {
        "url" : "value",
        "valueString" : "true"
      }],
      "url" : "http://hl7.org/fhir/tools/StructureDefinition/ig-parameter"
    },
    {
      "extension" : [{
        "url" : "code",
        "valueString" : "tabbed-snapshots"
      },
      {
        "url" : "value",
        "valueString" : "true"
      }],
      "url" : "http://hl7.org/fhir/tools/StructureDefinition/ig-parameter"
    },
    {
      "url" : "http://hl7.org/fhir/tools/StructureDefinition/ig-internal-dependency",
      "valueCode" : "hl7.fhir.uv.tools.r4#0.8.0"
    },
    {
      "extension" : [{
        "url" : "code",
        "valueCode" : "copyrightyear"
      },
      {
        "url" : "value",
        "valueString" : "2024+"
      }],
      "url" : "http://hl7.org/fhir/tools/StructureDefinition/ig-parameter"
    },
    {
      "extension" : [{
        "url" : "code",
        "valueCode" : "releaselabel"
      },
      {
        "url" : "value",
        "valueString" : "ci-build"
      }],
      "url" : "http://hl7.org/fhir/tools/StructureDefinition/ig-parameter"
    },
    {
      "extension" : [{
        "url" : "code",
        "valueCode" : "path-assets"
      },
      {
        "url" : "value",
        "valueString" : "input/assets"
      }],
      "url" : "http://hl7.org/fhir/tools/StructureDefinition/ig-parameter"
    },
    {
      "extension" : [{
        "url" : "code",
        "valueCode" : "apply-contact"
      },
      {
        "url" : "value",
        "valueString" : "true"
      }],
      "url" : "http://hl7.org/fhir/tools/StructureDefinition/ig-parameter"
    },
    {
      "extension" : [{
        "url" : "code",
        "valueCode" : "apply-jurisdiction"
      },
      {
        "url" : "value",
        "valueString" : "true"
      }],
      "url" : "http://hl7.org/fhir/tools/StructureDefinition/ig-parameter"
    },
    {
      "extension" : [{
        "url" : "code",
        "valueCode" : "autoload-resources"
      },
      {
        "url" : "value",
        "valueString" : "true"
      }],
      "url" : "http://hl7.org/fhir/tools/StructureDefinition/ig-parameter"
    },
    {
      "extension" : [{
        "url" : "code",
        "valueCode" : "path-liquid"
      },
      {
        "url" : "value",
        "valueString" : "template/liquid"
      }],
      "url" : "http://hl7.org/fhir/tools/StructureDefinition/ig-parameter"
    },
    {
      "extension" : [{
        "url" : "code",
        "valueCode" : "path-liquid"
      },
      {
        "url" : "value",
        "valueString" : "input/liquid"
      }],
      "url" : "http://hl7.org/fhir/tools/StructureDefinition/ig-parameter"
    },
    {
      "extension" : [{
        "url" : "code",
        "valueCode" : "path-qa"
      },
      {
        "url" : "value",
        "valueString" : "temp/qa"
      }],
      "url" : "http://hl7.org/fhir/tools/StructureDefinition/ig-parameter"
    },
    {
      "extension" : [{
        "url" : "code",
        "valueCode" : "path-temp"
      },
      {
        "url" : "value",
        "valueString" : "temp/pages"
      }],
      "url" : "http://hl7.org/fhir/tools/StructureDefinition/ig-parameter"
    },
    {
      "extension" : [{
        "url" : "code",
        "valueCode" : "path-output"
      },
      {
        "url" : "value",
        "valueString" : "output"
      }],
      "url" : "http://hl7.org/fhir/tools/StructureDefinition/ig-parameter"
    },
    {
      "extension" : [{
        "url" : "code",
        "valueCode" : "path-suppressed-warnings"
      },
      {
        "url" : "value",
        "valueString" : "input/ignoreWarnings.txt"
      }],
      "url" : "http://hl7.org/fhir/tools/StructureDefinition/ig-parameter"
    },
    {
      "extension" : [{
        "url" : "code",
        "valueCode" : "path-history"
      },
      {
        "url" : "value",
        "valueString" : "http://hl7.no/fhir/ig/lmdi/history.html"
      }],
      "url" : "http://hl7.org/fhir/tools/StructureDefinition/ig-parameter"
    },
    {
      "extension" : [{
        "url" : "code",
        "valueCode" : "template-html"
      },
      {
        "url" : "value",
        "valueString" : "template-page.html"
      }],
      "url" : "http://hl7.org/fhir/tools/StructureDefinition/ig-parameter"
    },
    {
      "extension" : [{
        "url" : "code",
        "valueCode" : "template-md"
      },
      {
        "url" : "value",
        "valueString" : "template-page-md.html"
      }],
      "url" : "http://hl7.org/fhir/tools/StructureDefinition/ig-parameter"
    },
    {
      "extension" : [{
        "url" : "code",
        "valueCode" : "apply-context"
      },
      {
        "url" : "value",
        "valueString" : "true"
      }],
      "url" : "http://hl7.org/fhir/tools/StructureDefinition/ig-parameter"
    },
    {
      "extension" : [{
        "url" : "code",
        "valueCode" : "apply-copyright"
      },
      {
        "url" : "value",
        "valueString" : "true"
      }],
      "url" : "http://hl7.org/fhir/tools/StructureDefinition/ig-parameter"
    },
    {
      "extension" : [{
        "url" : "code",
        "valueCode" : "apply-license"
      },
      {
        "url" : "value",
        "valueString" : "true"
      }],
      "url" : "http://hl7.org/fhir/tools/StructureDefinition/ig-parameter"
    },
    {
      "extension" : [{
        "url" : "code",
        "valueCode" : "apply-publisher"
      },
      {
        "url" : "value",
        "valueString" : "true"
      }],
      "url" : "http://hl7.org/fhir/tools/StructureDefinition/ig-parameter"
    },
    {
      "extension" : [{
        "url" : "code",
        "valueCode" : "apply-version"
      },
      {
        "url" : "value",
        "valueString" : "true"
      }],
      "url" : "http://hl7.org/fhir/tools/StructureDefinition/ig-parameter"
    },
    {
      "extension" : [{
        "url" : "code",
        "valueCode" : "apply-wg"
      },
      {
        "url" : "value",
        "valueString" : "true"
      }],
      "url" : "http://hl7.org/fhir/tools/StructureDefinition/ig-parameter"
    },
    {
      "extension" : [{
        "url" : "code",
        "valueCode" : "active-tables"
      },
      {
        "url" : "value",
        "valueString" : "true"
      }],
      "url" : "http://hl7.org/fhir/tools/StructureDefinition/ig-parameter"
    },
    {
      "extension" : [{
        "url" : "code",
        "valueCode" : "fmm-definition"
      },
      {
        "url" : "value",
        "valueString" : "http://hl7.org/fhir/versions.html#maturity"
      }],
      "url" : "http://hl7.org/fhir/tools/StructureDefinition/ig-parameter"
    },
    {
      "extension" : [{
        "url" : "code",
        "valueCode" : "propagate-status"
      },
      {
        "url" : "value",
        "valueString" : "true"
      }],
      "url" : "http://hl7.org/fhir/tools/StructureDefinition/ig-parameter"
    },
    {
      "extension" : [{
        "url" : "code",
        "valueCode" : "excludelogbinaryformat"
      },
      {
        "url" : "value",
        "valueString" : "true"
      }],
      "url" : "http://hl7.org/fhir/tools/StructureDefinition/ig-parameter"
    },
    {
      "extension" : [{
        "url" : "code",
        "valueCode" : "tabbed-snapshots"
      },
      {
        "url" : "value",
        "valueString" : "true"
      }],
      "url" : "http://hl7.org/fhir/tools/StructureDefinition/ig-parameter"
    }],
    "resource" : [{
      "extension" : [{
        "url" : "http://hl7.org/fhir/tools/StructureDefinition/resource-information",
        "valueString" : "MedicationAdministration"
      }],
      "reference" : {
        "reference" : "MedicationAdministration/Administrering-1-Oralt"
      },
      "name" : "Administrering-1-Oralt",
      "description" : "Eksempel på administrering av legemiddel",
      "exampleCanonical" : "http://hl7.no/fhir/ig/lmdi/StructureDefinition/lmdi-medicationadministration"
    },
    {
      "extension" : [{
        "url" : "http://hl7.org/fhir/tools/StructureDefinition/resource-information",
        "valueString" : "MedicationAdministration"
      }],
      "reference" : {
        "reference" : "MedicationAdministration/Administrering-10"
      },
      "name" : "Administrering-10",
      "description" : "Utfyllende eksempel, f.eks. om alt rapporteres som én melding. Bruker contained - bundle er å foretrekke for melding.",
      "exampleCanonical" : "http://hl7.no/fhir/ig/lmdi/StructureDefinition/lmdi-medicationadministration"
    },
    {
      "extension" : [{
        "url" : "http://hl7.org/fhir/tools/StructureDefinition/resource-information",
        "valueString" : "MedicationAdministration"
      }],
      "reference" : {
        "reference" : "MedicationAdministration/Administrering-2-Infusjon"
      },
      "name" : "Administrering-2-Infusjon",
      "description" : "Eksempel på administrering av legemiddel - infusjon",
      "exampleCanonical" : "http://hl7.no/fhir/ig/lmdi/StructureDefinition/lmdi-medicationadministration"
    },
    {
      "extension" : [{
        "url" : "http://hl7.org/fhir/tools/StructureDefinition/resource-information",
        "valueString" : "MedicationAdministration"
      }],
      "reference" : {
        "reference" : "MedicationAdministration/Administrering-20"
      },
      "name" : "Administrering-20",
      "description" : "Utfyllende eksempel - andre referanser",
      "exampleBoolean" : true
    },
    {
      "extension" : [{
        "url" : "http://hl7.org/fhir/tools/StructureDefinition/resource-information",
        "valueString" : "MedicationAdministration"
      }],
      "reference" : {
        "reference" : "MedicationAdministration/Administrering-30"
      },
      "name" : "Administrering-30",
      "description" : "Utfyllende eksempel - minimalt, logiske referanser",
      "exampleBoolean" : true
    },
    {
      "extension" : [{
        "url" : "http://hl7.org/fhir/tools/StructureDefinition/resource-information",
        "valueString" : "ValueSet"
      }],
      "reference" : {
        "reference" : "ValueSet/atc-valueset"
      },
      "name" : "ATC Kodesystem ValueSet",
      "description" : "ValueSet som inneholder koder fra WHO ATC (Anatomisk Terapeutisk Kjemisk legemiddelregister)",
      "exampleBoolean" : false
    },
    {
      "extension" : [{
        "url" : "http://hl7.org/fhir/tools/StructureDefinition/resource-information",
        "valueString" : "StructureDefinition:extension"
      }],
      "reference" : {
        "reference" : "StructureDefinition/lmdi-del-av-behandlingsregime"
      },
      "name" : "Del av behandlingsregime",
      "description" : "Navnet på kuren, behandlingsregimet eller protokollen legemidlet gis som en del av. Spesielt relevant ved kjemoterapi.",
      "exampleBoolean" : false
    },
    {
      "extension" : [{
        "url" : "http://hl7.org/fhir/tools/StructureDefinition/resource-information",
        "valueString" : "StructureDefinition:resource"
      }],
      "reference" : {
        "reference" : "StructureDefinition/lmdi-condition"
      },
      "name" : "Diagnose",
      "description" : "Diagnosen som pasienten har fått rekvirert eller administrert legemiddelet for.",
      "exampleBoolean" : false
    },
    {
      "extension" : [{
        "url" : "http://hl7.org/fhir/tools/StructureDefinition/resource-information",
        "valueString" : "Condition"
      }],
      "reference" : {
        "reference" : "Condition/Diagnose-1-ICD10-OID"
      },
      "name" : "Diagnose-1-ICD10-OID",
      "description" : "Eksempel på diagnose ICD-10",
      "exampleCanonical" : "http://hl7.no/fhir/ig/lmdi/StructureDefinition/lmdi-condition"
    },
    {
      "extension" : [{
        "url" : "http://hl7.org/fhir/tools/StructureDefinition/resource-information",
        "valueString" : "Condition"
      }],
      "reference" : {
        "reference" : "Condition/Diagnose-2-SNOMED-CT"
      },
      "name" : "Diagnose-2-SNOMED-CT",
      "description" : "Eksempel på diagnose SNOMED CT og ICD-10",
      "exampleCanonical" : "http://hl7.no/fhir/ig/lmdi/StructureDefinition/lmdi-condition"
    },
    {
      "extension" : [{
        "url" : "http://hl7.org/fhir/tools/StructureDefinition/resource-information",
        "valueString" : "Bundle"
      }],
      "reference" : {
        "reference" : "Bundle/LegemiddelregisterBundle-1"
      },
      "name" : "Eksempel på LegemiddelregisterBundle med administreringer",
      "description" : "Eksempel på en batch-bundle som inneholder to legemiddeladministreringer",
      "exampleCanonical" : "http://hl7.no/fhir/ig/lmdi/StructureDefinition/lmdi-bundle"
    },
    {
      "extension" : [{
        "url" : "http://hl7.org/fhir/tools/StructureDefinition/resource-information",
        "valueString" : "Patient"
      }],
      "reference" : {
        "reference" : "Patient/eksempel-pasient-1234567890"
      },
      "name" : "eksempel-pasient-1234567890",
      "description" : "Eksempel på en pasient",
      "exampleBoolean" : true
    },
    {
      "extension" : [{
        "url" : "http://hl7.org/fhir/tools/StructureDefinition/resource-information",
        "valueString" : "StructureDefinition:resource"
      }],
      "reference" : {
        "reference" : "StructureDefinition/lmdi-encounter"
      },
      "name" : "Episode",
      "description" : "Profil for en behandlingsepisode basert på Encounter-ressursen i FHIR. Denne profilen representerer et klinisk møte eller en behandling i helsevesenet, med fokus på organisatorisk tilhørighet.",
      "exampleBoolean" : false
    },
    {
      "extension" : [{
        "url" : "http://hl7.org/fhir/tools/StructureDefinition/resource-information",
        "valueString" : "ValueSet"
      }],
      "reference" : {
        "reference" : "ValueSet/legemiddel-koder"
      },
      "name" : "Gyldige legemiddelkoder",
      "description" : "ValueSet som inneholder koder fra SNOMED CT og FEST",
      "exampleBoolean" : false
    },
    {
      "extension" : [{
        "url" : "http://hl7.org/fhir/tools/StructureDefinition/resource-information",
        "valueString" : "StructureDefinition:resource"
      }],
      "reference" : {
        "reference" : "StructureDefinition/lmdi-practitioner"
      },
      "name" : "Helsepersonell",
      "description" : "Helsepersonell som har rekvirert legemidlet, basert på no-basis-Practitioner. HPR-nummer skal oppgis når tilgjengelig. Profilen tillater manglende HPR for rekvirenter uten HPR-registrering (f.eks. forskning eller systemer uten HPR-kontrakt).",
      "exampleBoolean" : false
    },
    {
      "extension" : [{
        "url" : "http://hl7.org/fhir/tools/StructureDefinition/resource-information",
        "valueString" : "Practitioner"
      }],
      "reference" : {
        "reference" : "Practitioner/Helsepersonell-1-HPR-nummer"
      },
      "name" : "Helsepersonell-1-HPR-nummer",
      "description" : "Eksempel på helsepersonell med HPR-nummer",
      "exampleCanonical" : "http://hl7.no/fhir/ig/lmdi/StructureDefinition/lmdi-practitioner"
    },
    {
      "extension" : [{
        "url" : "http://hl7.org/fhir/tools/StructureDefinition/resource-information",
        "valueString" : "Practitioner"
      }],
      "reference" : {
        "reference" : "Practitioner/Helsepersonell-2-Uten-HPR"
      },
      "name" : "Helsepersonell-2-Uten-HPR",
      "description" : "Eksempel på rekvirent uten HPR-nummer",
      "exampleCanonical" : "http://hl7.no/fhir/ig/lmdi/StructureDefinition/lmdi-practitioner"
    },
    {
      "extension" : [{
        "url" : "http://hl7.org/fhir/tools/StructureDefinition/resource-information",
        "valueString" : "StructureDefinition:extension"
      }],
      "reference" : {
        "reference" : "StructureDefinition/lmdi-klinisk-studie"
      },
      "name" : "Klinisk studie",
      "description" : "Angir om legemidlet gis som en del av en klinisk studie.",
      "exampleBoolean" : false
    },
    {
      "extension" : [{
        "url" : "http://hl7.org/fhir/tools/StructureDefinition/resource-information",
        "valueString" : "CodeSystem"
      }],
      "reference" : {
        "reference" : "CodeSystem/kommunenummer-codesystem"
      },
      "name" : "Kommunenummer CodeSystem",
      "description" : "Kodesystem for norske kommunenummer (Volven 3402)",
      "exampleBoolean" : false
    },
    {
      "extension" : [{
        "url" : "http://hl7.org/fhir/tools/StructureDefinition/resource-information",
        "valueString" : "ValueSet"
      }],
      "reference" : {
        "reference" : "ValueSet/kommunenummer-alle"
      },
      "name" : "Kommunenummer ValueSet",
      "description" : "Komplett kodeverk for norske kommunenummer (Volven 3402)",
      "exampleBoolean" : false
    },
    {
      "extension" : [{
        "url" : "http://hl7.org/fhir/tools/StructureDefinition/resource-information",
        "valueString" : "StructureDefinition:resource"
      }],
      "reference" : {
        "reference" : "StructureDefinition/lmdi-medication"
      },
      "name" : "Legemiddel",
      "description" : "Beskrivelse av legemiddel.",
      "exampleBoolean" : false
    },
    {
      "extension" : [{
        "url" : "http://hl7.org/fhir/tools/StructureDefinition/resource-information",
        "valueString" : "StructureDefinition:extension"
      }],
      "reference" : {
        "reference" : "StructureDefinition/legemiddel-classification"
      },
      "name" : "Legemiddel Classification",
      "description" : "Klassifisering av legemidler, primært med ATC-koder (Anatomisk Terapeutisk Kjemisk legemiddelregister).",
      "exampleBoolean" : false
    },
    {
      "extension" : [{
        "url" : "http://hl7.org/fhir/tools/StructureDefinition/resource-information",
        "valueString" : "StructureDefinition:resource"
      }],
      "reference" : {
        "reference" : "StructureDefinition/lmdi-medicationadministration"
      },
      "name" : "Legemiddeladministrering",
      "description" : "Beskriver administrering av legemiddel til pasient på institusjon.\n\nDette er kjerneressursen for denne implementasjonsguiden. Den peker videre legemiddelet som ble gitt, pasienten som har fått administrert legemiddel, på hvilken institusjon det skjedde, tidspunkt for administrering, hvem som utførte den (helsepersonell eller rolle ved institusjon) og dose med eventuell administrasjonsvei.",
      "exampleBoolean" : false
    },
    {
      "extension" : [{
        "url" : "http://hl7.org/fhir/tools/StructureDefinition/resource-information",
        "valueString" : "StructureDefinition:resource"
      }],
      "reference" : {
        "reference" : "StructureDefinition/lmdi-bundle"
      },
      "name" : "LegemiddelregisterBundle",
      "description" : "Profil av Bundle for Legemiddelregisteret. Støtter bare transaction-type og POST-operasjoner, med begrensninger på tillatte ressurstyper.",
      "exampleBoolean" : false
    },
    {
      "extension" : [{
        "url" : "http://hl7.org/fhir/tools/StructureDefinition/resource-information",
        "valueString" : "StructureDefinition:resource"
      }],
      "reference" : {
        "reference" : "StructureDefinition/lmdi-medicationrequest"
      },
      "name" : "Legemiddelrekvirering",
      "description" : "Legemiddelrekvirering - ordinering eller annen rekvirering av legemiddel",
      "exampleBoolean" : false
    },
    {
      "extension" : [{
        "url" : "http://hl7.org/fhir/tools/StructureDefinition/resource-information",
        "valueString" : "ValueSet"
      }],
      "reference" : {
        "reference" : "ValueSet/lmdi-address-use"
      },
      "name" : "LMDI Address Use",
      "description" : "Tillatte verdier for address.use i LMDI: home, temp, old",
      "exampleBoolean" : false
    },
    {
      "extension" : [{
        "url" : "http://hl7.org/fhir/tools/StructureDefinition/resource-information",
        "valueString" : "NamingSystem"
      }],
      "reference" : {
        "reference" : "NamingSystem/lmdi-lokaltLegemiddel"
      },
      "name" : "lmdi-lokaltLegemiddel",
      "description" : "Id for angivelse av legemiddel fra lokal legemiddelkatalog",
      "exampleBoolean" : false
    },
    {
      "extension" : [{
        "url" : "http://hl7.org/fhir/tools/StructureDefinition/resource-information",
        "valueString" : "StructureDefinition:extension"
      }],
      "reference" : {
        "reference" : "StructureDefinition/lmdi-urban-district"
      },
      "name" : "lmdi-urban-district",
      "description" : "Information about Norwegian urban district (bydel)",
      "exampleBoolean" : false
    },
    {
      "extension" : [{
        "url" : "http://hl7.org/fhir/tools/StructureDefinition/resource-information",
        "valueString" : "CodeSystem"
      }],
      "reference" : {
        "reference" : "CodeSystem/LokalLegemiddelkatalogCodeSystem"
      },
      "name" : "Lokal Legemiddelkatalog Codes",
      "description" : "Kodesystem for lokal legemiddelkatalog",
      "exampleBoolean" : false
    },
    {
      "extension" : [{
        "url" : "http://hl7.org/fhir/tools/StructureDefinition/resource-information",
        "valueString" : "ValueSet"
      }],
      "reference" : {
        "reference" : "ValueSet/LokalLegemiddelkatalogValues"
      },
      "name" : "Lokal Legemiddelkatalog Values",
      "description" : "Gyldige verdier for medlemskapsstatus",
      "exampleBoolean" : false
    },
    {
      "extension" : [{
        "url" : "http://hl7.org/fhir/tools/StructureDefinition/resource-information",
        "valueString" : "Medication"
      }],
      "reference" : {
        "reference" : "Medication/Medisin-1-LegemiddelDose-Oxycodone"
      },
      "name" : "Medisin-1-LegemiddelDose-Oxycodone",
      "description" : "Eksempel på legemiddel",
      "exampleCanonical" : "http://hl7.no/fhir/ig/lmdi/StructureDefinition/lmdi-medication"
    },
    {
      "extension" : [{
        "url" : "http://hl7.org/fhir/tools/StructureDefinition/resource-information",
        "valueString" : "Medication"
      }],
      "reference" : {
        "reference" : "Medication/Medisin-2-Paracetamol"
      },
      "name" : "Medisin-2-Paracetamol",
      "description" : "Eksempel på legemiddel - Paracetamol - UTKAST",
      "exampleCanonical" : "http://hl7.no/fhir/ig/lmdi/StructureDefinition/lmdi-medication"
    },
    {
      "extension" : [{
        "url" : "http://hl7.org/fhir/tools/StructureDefinition/resource-information",
        "valueString" : "Medication"
      }],
      "reference" : {
        "reference" : "Medication/Medisin-3-LegemiddelPakning-Monoket"
      },
      "name" : "Medisin-3-LegemiddelPakning-Monoket",
      "description" : "Eksempel på legemiddel - paking",
      "exampleCanonical" : "http://hl7.no/fhir/ig/lmdi/StructureDefinition/lmdi-medication"
    },
    {
      "extension" : [{
        "url" : "http://hl7.org/fhir/tools/StructureDefinition/resource-information",
        "valueString" : "NamingSystem"
      }],
      "reference" : {
        "reference" : "NamingSystem/no-basis-fest-legemiddeldose"
      },
      "name" : "no-basis-fest-legemiddeldose",
      "description" : "FEST-id for dose. Rekvirering av en bestemt merkevare med ID (LMR-nummer) som representerer minste plukkbare enhet, f.eks. 1 ampulle eller 1 tablett.",
      "exampleBoolean" : false
    },
    {
      "extension" : [{
        "url" : "http://hl7.org/fhir/tools/StructureDefinition/resource-information",
        "valueString" : "NamingSystem"
      }],
      "reference" : {
        "reference" : "NamingSystem/no-basis-fest-legemiddelmerkevare"
      },
      "name" : "no-basis-fest-legemiddelmerkevare",
      "description" : "FEST-id for legemiddel merkevare. Rekvirering av en styrke og form av en bestemt merkevare. Pr. 2024 er det ikke lenger ønskelig at det rekvireres på LegemiddelMerkevare.",
      "exampleBoolean" : false
    },
    {
      "extension" : [{
        "url" : "http://hl7.org/fhir/tools/StructureDefinition/resource-information",
        "valueString" : "NamingSystem"
      }],
      "reference" : {
        "reference" : "NamingSystem/no-basis-fest-legemiddelpakning"
      },
      "name" : "no-basis-fest-legemiddelpakning",
      "description" : "FEST-id for legemiddelpakninger. Rekvirering av en bestemt pakning av en merkevare (varenummer)",
      "exampleBoolean" : false
    },
    {
      "extension" : [{
        "url" : "http://hl7.org/fhir/tools/StructureDefinition/resource-information",
        "valueString" : "NamingSystem"
      }],
      "reference" : {
        "reference" : "NamingSystem/no-basis-fest-legemiddelvirkestoff"
      },
      "name" : "no-basis-fest-legemiddelvirkestoff",
      "description" : "FEST-id for virkestoff. Benyttes ved virkestoffrekvirering",
      "exampleBoolean" : false
    },
    {
      "extension" : [{
        "url" : "http://hl7.org/fhir/tools/StructureDefinition/resource-information",
        "valueString" : "StructureDefinition:extension"
      }],
      "reference" : {
        "reference" : "StructureDefinition/npr-episode-identifier"
      },
      "name" : "NPR Episode Identifier",
      "description" : "Entydig identifikator for episode, brukt ved rapportering til NPR. Kan inneholde både string-basert og UUID-basert identifikator.",
      "exampleBoolean" : false
    },
    {
      "extension" : [{
        "url" : "http://hl7.org/fhir/tools/StructureDefinition/resource-information",
        "valueString" : "StructureDefinition:resource"
      }],
      "reference" : {
        "reference" : "StructureDefinition/lmdi-organization"
      },
      "name" : "Organisasjon",
      "description" : "Organisasjoner i norsk helse- og omsorgstjeneste, som post, avdeling, klinikk, sykehus og sykehjem, basert på no-basis-Organization.\n\nDenne profilen av Organization benyttes for å beskrive helseinstitusjoner og skal representere organisasjonen på lavest mulig nivå i organisasjonshierarkiet (f.eks. en avdeling eller klinikk eller post).\n\nFor organisasjonen som er del av en større organisasjon, skal dette angis ved hjelp av partOf-relasjonen. Alle \"organisasjonshierarki\" skal inkludere minst et organisasjonsnummer fra Enhetsregisteret (identifier:ENH)",
      "exampleBoolean" : false
    },
    {
      "extension" : [{
        "url" : "http://hl7.org/fhir/tools/StructureDefinition/resource-information",
        "valueString" : "Organization"
      }],
      "reference" : {
        "reference" : "Organization/Organisasjon-1-Sykehjem"
      },
      "name" : "Organisasjon-1-Sykehjem",
      "description" : "Eksempel på sykehjem i primærhelsetjenesten",
      "exampleCanonical" : "http://hl7.no/fhir/ig/lmdi/StructureDefinition/lmdi-organization"
    },
    {
      "extension" : [{
        "url" : "http://hl7.org/fhir/tools/StructureDefinition/resource-information",
        "valueString" : "Organization"
      }],
      "reference" : {
        "reference" : "Organization/Organisasjon-2-Avdeling"
      },
      "name" : "Organisasjon-2-Avdeling",
      "description" : "Eksempel på spesialistavdeling",
      "exampleCanonical" : "http://hl7.no/fhir/ig/lmdi/StructureDefinition/lmdi-organization"
    },
    {
      "extension" : [{
        "url" : "http://hl7.org/fhir/tools/StructureDefinition/resource-information",
        "valueString" : "Organization"
      }],
      "reference" : {
        "reference" : "Organization/Organisasjon-3-Sykehus"
      },
      "name" : "Organisasjon-3-Sykehus",
      "description" : "Eksempel på sykehusorganisasjon",
      "exampleCanonical" : "http://hl7.no/fhir/ig/lmdi/StructureDefinition/lmdi-organization"
    },
    {
      "extension" : [{
        "url" : "http://hl7.org/fhir/tools/StructureDefinition/resource-information",
        "valueString" : "StructureDefinition:resource"
      }],
      "reference" : {
        "reference" : "StructureDefinition/lmdi-patient"
      },
      "name" : "Pasient",
      "description" : "Pasienten som har fått rekvirert eller administrert legemiddel, basert på no-basis-Patient",
      "exampleBoolean" : false
    },
    {
      "extension" : [{
        "url" : "http://hl7.org/fhir/tools/StructureDefinition/resource-information",
        "valueString" : "Patient"
      }],
      "reference" : {
        "reference" : "Patient/Pasient-1-Uten-FNR"
      },
      "name" : "Pasient-1-Uten-FNR",
      "description" : "Eksempel på pasient med kjønn og fødselsdato",
      "exampleCanonical" : "http://hl7.no/fhir/ig/lmdi/StructureDefinition/lmdi-patient"
    },
    {
      "extension" : [{
        "url" : "http://hl7.org/fhir/tools/StructureDefinition/resource-information",
        "valueString" : "Patient"
      }],
      "reference" : {
        "reference" : "Patient/Pasient-2-FNR"
      },
      "name" : "Pasient-2-FNR",
      "description" : "Eksempel på pasient med fødselsnummer",
      "exampleCanonical" : "http://hl7.no/fhir/ig/lmdi/StructureDefinition/lmdi-patient"
    },
    {
      "extension" : [{
        "url" : "http://hl7.org/fhir/tools/StructureDefinition/resource-information",
        "valueString" : "StructureDefinition:extension"
      }],
      "reference" : {
        "reference" : "StructureDefinition/lmdi-prosentvis-doseendring"
      },
      "name" : "Prosentvis doseendring",
      "description" : "Doseendring i prosent, sammenlignet med opprinnelig dosering. Spesielt relevant ved kjemoterapi.",
      "exampleBoolean" : false
    },
    {
      "extension" : [{
        "url" : "http://hl7.org/fhir/tools/StructureDefinition/resource-information",
        "valueString" : "MedicationRequest"
      }],
      "reference" : {
        "reference" : "MedicationRequest/Rekvirering-1"
      },
      "name" : "Rekvirering-1",
      "description" : "Eksempel på legemiddelrekvirering av Paracet",
      "exampleCanonical" : "http://hl7.no/fhir/ig/lmdi/StructureDefinition/lmdi-medicationrequest"
    },
    {
      "extension" : [{
        "url" : "http://hl7.org/fhir/tools/StructureDefinition/resource-information",
        "valueString" : "ValueSet"
      }],
      "reference" : {
        "reference" : "ValueSet/lmdi-medicationadministrationstatus"
      },
      "name" : "Status for legemiddeladministrering",
      "description" : "Verdisett som begrenses status til Legemiddeladministrering til henholdsvis 'Gjennomført' eller 'Feilregistrert'.",
      "exampleBoolean" : false
    },
    {
      "extension" : [{
        "url" : "http://hl7.org/fhir/tools/StructureDefinition/resource-information",
        "valueString" : "StructureDefinition:resource"
      }],
      "reference" : {
        "reference" : "StructureDefinition/lmdi-substance"
      },
      "name" : "Virkestoff",
      "description" : "En tilpasset profil av Substance for å representere virkestoff, basert på no-basis.",
      "exampleBoolean" : false
    }],
    "page" : {
      "extension" : [{
        "url" : "http://hl7.org/fhir/tools/StructureDefinition/ig-page-name",
        "valueUrl" : "toc.html"
      }],
      "nameUrl" : "toc.html",
      "title" : "Table of Contents",
      "generation" : "html",
      "page" : [{
        "extension" : [{
          "url" : "http://hl7.org/fhir/tools/StructureDefinition/ig-page-name",
          "valueUrl" : "index.html"
        }],
        "nameUrl" : "index.html",
        "title" : "Hjem",
        "generation" : "markdown"
      },
      {
        "extension" : [{
          "url" : "http://hl7.org/fhir/tools/StructureDefinition/ig-page-name",
          "valueUrl" : "informasjonsmodell.html"
        }],
        "nameUrl" : "informasjonsmodell.html",
        "title" : "Informasjonsmodell",
        "generation" : "markdown"
      },
      {
        "extension" : [{
          "url" : "http://hl7.org/fhir/tools/StructureDefinition/ig-page-name",
          "valueUrl" : "integrasjon.html"
        }],
        "nameUrl" : "integrasjon.html",
        "title" : "Integrasjon",
        "generation" : "markdown",
        "page" : [{
          "extension" : [{
            "url" : "http://hl7.org/fhir/tools/StructureDefinition/ig-page-name",
            "valueUrl" : "SignertKryptertBundle.html"
          }],
          "nameUrl" : "SignertKryptertBundle.html",
          "title" : "SignertKryptertBundle",
          "generation" : "markdown"
        },
        {
          "extension" : [{
            "url" : "http://hl7.org/fhir/tools/StructureDefinition/ig-page-name",
            "valueUrl" : "protokoll.html"
          }],
          "nameUrl" : "protokoll.html",
          "title" : "Protokoll",
          "generation" : "markdown"
        },
        {
          "extension" : [{
            "url" : "http://hl7.org/fhir/tools/StructureDefinition/ig-page-name",
            "valueUrl" : "eksempelkode_cs.html"
          }],
          "nameUrl" : "eksempelkode_cs.html",
          "title" : "C# eksempelkode",
          "generation" : "markdown"
        },
        {
          "extension" : [{
            "url" : "http://hl7.org/fhir/tools/StructureDefinition/ig-page-name",
            "valueUrl" : "eksempelkode_ps1.html"
          }],
          "nameUrl" : "eksempelkode_ps1.html",
          "title" : "Powershell eksempelkode",
          "generation" : "markdown"
        }]
      },
      {
        "extension" : [{
          "url" : "http://hl7.org/fhir/tools/StructureDefinition/ig-page-name",
          "valueUrl" : "nedlastinger.html"
        }],
        "nameUrl" : "nedlastinger.html",
        "title" : "Nedlastinger",
        "generation" : "markdown"
      },
      {
        "extension" : [{
          "url" : "http://hl7.org/fhir/tools/StructureDefinition/ig-page-name",
          "valueUrl" : "profiler.html"
        }],
        "nameUrl" : "profiler.html",
        "title" : "FHIR-profiler",
        "generation" : "markdown"
      }]
    },
    "parameter" : [{
      "code" : "generate-json",
      "value" : "true"
    },
    {
      "code" : "generate-xml",
      "value" : "false"
    },
    {
      "code" : "generate-turtle",
      "value" : "false"
    },
    {
      "code" : "path-resource",
      "value" : "input/capabilities"
    },
    {
      "code" : "path-resource",
      "value" : "input/examples"
    },
    {
      "code" : "path-resource",
      "value" : "input/extensions"
    },
    {
      "code" : "path-resource",
      "value" : "input/models"
    },
    {
      "code" : "path-resource",
      "value" : "input/operations"
    },
    {
      "code" : "path-resource",
      "value" : "input/profiles"
    },
    {
      "code" : "path-resource",
      "value" : "input/resources"
    },
    {
      "code" : "path-resource",
      "value" : "input/vocabulary"
    },
    {
      "code" : "path-resource",
      "value" : "input/maps"
    },
    {
      "code" : "path-resource",
      "value" : "input/testing"
    },
    {
      "code" : "path-resource",
      "value" : "input/history"
    },
    {
      "code" : "path-resource",
      "value" : "fsh-generated/resources"
    },
    {
      "code" : "path-pages",
      "value" : "template/config"
    },
    {
      "code" : "path-pages",
      "value" : "input/images"
    },
    {
      "code" : "path-tx-cache",
      "value" : "input-cache/txcache"
    }]
  }
}