{
  "resourceType" : "MedicationAdministration",
  "id" : "Administrering-30",
  "text" : {
    "status" : "generated",
    "div" : "<div xmlns=\"http://www.w3.org/1999/xhtml\"><p class=\"res-header-id\"><b>Generated Narrative: MedicationAdministration Administrering-30</b></p><a name=\"Administrering-30\"> </a><a name=\"hcAdministrering-30\"> </a><a name=\"Administrering-30-no\"> </a><p><b>status</b>: Completed</p><p><b>medication</b>: Identifier: <code>uri:eu:spor:idmp:mpid:dummy</code>/1a38f25a8791fc3270e7c388f2031eee</p><p><b>subject</b>: <a href=\"https://fhi.no/fhir/lmdi/pasient/12345678\">https://fhi.no/fhir/lmdi/pasient/12345678</a></p><p><b>effective</b>: 2024-05-28</p><h3>Dosages</h3><table class=\"grid\"><tr><td style=\"display: none\">-</td><td><b>Route</b></td><td><b>Dose</b></td></tr><tr><td style=\"display: none\">*</td><td><span title=\"Codes:{http://snomed.info/sct 47625008}\">Intravenous route (qualifier value)</span></td><td>100 mg<span style=\"background: LightGoldenRodYellow\"> (Details: UCUM  codemg = 'mg')</span></td></tr></table></div>"
  },
  "status" : "completed",
  "medicationReference" : {
    "identifier" : {
      "system" : "uri:eu:spor:idmp:mpid:dummy",
      "value" : "1a38f25a8791fc3270e7c388f2031eee"
    }
  },
  "subject" : {
    "reference" : "https://fhi.no/fhir/lmdi/pasient/12345678"
  },
  "effectiveDateTime" : "2024-05-28",
  "dosage" : {
    "route" : {
      "coding" : [{
        "system" : "http://snomed.info/sct",
        "code" : "47625008",
        "display" : "Intravenous route (qualifier value)"
      }]
    },
    "dose" : {
      "value" : 100,
      "system" : "http://unitsofmeasure.org",
      "code" : "mg"
    }
  }
}