{
  "package": "hl7.fhir.no.lmdi",
  "version": "1.0.1",
  "fhirVersion": "4.0.1",
  "jurisdiction": "NO",
  "extensions": [
    {
      "url": "http://fhi.no/fhir/lmr/lokal-legemiddel-katalog",
      "title": "Lokal Legemiddelkatalog",
      "types": [
        "Coding"
      ]
    },
    {
      "url": "http://hl7.no/fhir/ig/lmdi/StructureDefinition/lmdi-municipalitycode",
      "title": "lmdi-municipalitycode",
      "types": [
        "Coding",
        "string",
        "Extension",
        "uri",
        "string",
        "code",
        "string",
        "boolean"
      ]
    },
    {
      "url": "http://hl7.no/fhir/ig/lmdi/StructureDefinition/lmdi-urban-district",
      "title": "lmdi-urban-district",
      "types": [
        "Coding",
        "string",
        "Extension",
        "uri",
        "string",
        "code",
        "string",
        "boolean"
      ]
    }
  ],
  "profiles": {
    "Bundle": [
      {
        "url": "http://hl7.no/fhir/ig/lmdi/StructureDefinition/lmdi-bundle",
        "title": "LegemiddelregisterBundle"
      }
    ],
    "Condition": [
      {
        "url": "http://hl7.no/fhir/ig/lmdi/StructureDefinition/lmdi-condition",
        "title": "Diagnose"
      }
    ],
    "Encounter": [
      {
        "url": "http://hl7.no/fhir/ig/lmdi/StructureDefinition/lmdi-encounter",
        "title": "Episode"
      }
    ],
    "Medication": [
      {
        "url": "http://hl7.no/fhir/ig/lmdi/StructureDefinition/lmdi-medication",
        "title": "Legemiddel"
      }
    ],
    "MedicationAdministration": [
      {
        "url": "http://hl7.no/fhir/ig/lmdi/StructureDefinition/lmdi-medicationadministration",
        "title": "Legemiddeladministrering"
      }
    ],
    "MedicationRequest": [
      {
        "url": "http://hl7.no/fhir/ig/lmdi/StructureDefinition/lmdi-medicationrequest",
        "title": "Legemiddelrekvirering"
      }
    ],
    "Organization": [
      {
        "url": "http://hl7.no/fhir/ig/lmdi/StructureDefinition/lmdi-organization",
        "title": "Organisasjon"
      }
    ],
    "Patient": [
      {
        "url": "http://hl7.no/fhir/ig/lmdi/StructureDefinition/lmdi-patient",
        "title": "Pasient"
      }
    ],
    "Practitioner": [
      {
        "url": "http://hl7.no/fhir/ig/lmdi/StructureDefinition/lmdi-practitioner",
        "title": "Helsepersonell"
      }
    ]
  },
  "usage": {
    "http://fhi.no/fhir/lmr/lokal-legemiddel-katalog": [
      "Medication.code.coding"
    ],
    "http://hl7.no/fhir/ig/lmdi/StructureDefinition/lmdi-municipalitycode": [
      "Organization.address.district",
      "Patient.address.district"
    ],
    "http://hl7.no/fhir/ig/lmdi/StructureDefinition/lmdi-urban-district": [
      "Organization.address"
    ],
    "http://hl7.org/fhir/5.0/StructureDefinition/extension-NamingSystem.url": [
      "NamingSystem"
    ],
    "http://hl7.org/fhir/5.0/StructureDefinition/extension-NamingSystem.version": [
      "NamingSystem"
    ],
    "http://hl7.org/fhir/StructureDefinition/elementdefinition-bestpractice": [
      "StructureDefinition.snapshot.element.constraint"
    ],
    "http://hl7.org/fhir/StructureDefinition/elementdefinition-bestpractice-explanation": [
      "StructureDefinition.snapshot.element.constraint"
    ],
    "http://hl7.org/fhir/StructureDefinition/elementdefinition-bindingName": [
      "StructureDefinition.snapshot.element.binding"
    ],
    "http://hl7.org/fhir/StructureDefinition/elementdefinition-maxValueSet": [
      "StructureDefinition.snapshot.element.binding"
    ],
    "http://hl7.org/fhir/StructureDefinition/elementdefinition-translatable": [
      "StructureDefinition.snapshot.element"
    ],
    "http://hl7.org/fhir/StructureDefinition/regex": [
      "StructureDefinition.snapshot.element.type"
    ],
    "http://hl7.org/fhir/StructureDefinition/structuredefinition-fhir-type": [
      "StructureDefinition.snapshot.element.type"
    ],
    "http://hl7.org/fhir/StructureDefinition/structuredefinition-hierarchy": [
      "StructureDefinition.differential.element.type",
      "StructureDefinition.snapshot.element.type"
    ],
    "http://hl7.org/fhir/tools/StructureDefinition/ig-internal-dependency": [
      "ImplementationGuide.definition"
    ],
    "http://hl7.org/fhir/tools/StructureDefinition/ig-page-name": [
      "ImplementationGuide.definition.page",
      "ImplementationGuide.definition.page.page",
      "ImplementationGuide.definition.page.page.page"
    ],
    "http://hl7.org/fhir/tools/StructureDefinition/ig-parameter": [
      "ImplementationGuide.definition"
    ],
    "http://hl7.org/fhir/tools/StructureDefinition/implementationguide-dependency-comment": [
      "ImplementationGuide.dependsOn"
    ],
    "http://hl7.org/fhir/tools/StructureDefinition/resource-information": [
      "ImplementationGuide.definition.resource"
    ],
    "http://hl7.org/fhir/tools/StructureDefinition/snapshot-base-version": [
      "StructureDefinition.snapshot"
    ]
  }
}