{
  "resourceType" : "ValueSet",
  "id" : "legemiddel-koder",
  "text" : {
    "status" : "generated",
    "div" : "<div xmlns=\"http://www.w3.org/1999/xhtml\"><p class=\"res-header-id\"><b>Generated Narrative: ValueSet legemiddel-koder</b></p><a name=\"legemiddel-koder\"> </a><a name=\"hclegemiddel-koder\"> </a><p>This value set includes codes based on the following rules:</p><ul><li>Include all codes defined in <a href=\"http://www.snomed.org/\"><code>http://snomed.info/sct</code></a><span title=\"Version is not explicity stated. No matching Code System found\"> version Not Stated (use latest from terminology server)</span></li><li>Include all codes defined in <code>http://dmp.no/fhir/NamingSystem/festLegemiddelMerkevare</code><span title=\"Version is not explicity stated. No matching Code System found\"> version Not Stated (use latest from terminology server)</span></li><li>Include all codes defined in <code>http://dmp.no/fhir/NamingSystem/festLegemiddelVirkestoff</code><span title=\"Version is not explicity stated. No matching Code System found\"> version Not Stated (use latest from terminology server)</span></li><li>Include all codes defined in <code>http://dmp.no/fhir/NamingSystem/festLegemiddelPakning</code><span title=\"Version is not explicity stated. No matching Code System found\"> version Not Stated (use latest from terminology server)</span></li><li>Include all codes defined in <code>http://dmp.no/fhir/NamingSystem/festLegemiddelDose</code><span title=\"Version is not explicity stated. No matching Code System found\"> version Not Stated (use latest from terminology server)</span></li></ul></div>"
  },
  "url" : "http://hl7.no/fhir/ig/lmdi/ValueSet/legemiddel-koder",
  "version" : "1.0.7",
  "name" : "LegemiddelKoder",
  "title" : "Gyldige legemiddelkoder",
  "status" : "draft",
  "date" : "2025-10-18T06:37:01+00:00",
  "publisher" : "Folkehelseinstituttet",
  "contact" : [{
    "name" : "Folkehelseinstituttet",
    "telecom" : [{
      "system" : "url",
      "value" : "https://www.fhi.no"
    }]
  },
  {
    "name" : "Legemiddelregisteret",
    "telecom" : [{
      "system" : "email",
      "value" : "legemiddelregisteret@fhi.no"
    }]
  }],
  "description" : "ValueSet som inneholder koder fra SNOMED CT og FEST",
  "jurisdiction" : [{
    "coding" : [{
      "system" : "urn:iso:std:iso:3166",
      "code" : "NO",
      "display" : "Norway"
    }]
  }],
  "compose" : {
    "include" : [{
      "system" : "http://snomed.info/sct"
    },
    {
      "system" : "http://dmp.no/fhir/NamingSystem/festLegemiddelMerkevare"
    },
    {
      "system" : "http://dmp.no/fhir/NamingSystem/festLegemiddelVirkestoff"
    },
    {
      "system" : "http://dmp.no/fhir/NamingSystem/festLegemiddelPakning"
    },
    {
      "system" : "http://dmp.no/fhir/NamingSystem/festLegemiddelDose"
    }]
  }
}