{
  "codeSystems" : [
    {
      "url" : "http://hl7.no/fhir/ig/lmdi/ValueSet/LokalLegemiddelkatalogValues",
      "version" : "1.0.2",
      "status" : "draft",
      "name" : "LokalLegemiddelkatalogValues",
      "title" : "Lokal Legemiddelkatalog Values",
      "description" : "Gyldige verdier for medlemskapsstatus",
      "systems" : [
        "http://hl7.no/fhir/ig/lmdi/CodeSystem/LokalLegemiddelkatalogCodeSystem"
      ]
    },
    {
      "url" : "http://hl7.no/fhir/ig/lmdi/ValueSet/lmdi-medicationadministrationstatus",
      "version" : "1.0.2",
      "status" : "draft",
      "name" : "LegemiddeladministreringStatus",
      "title" : "Status for legemiddeladministrering",
      "description" : "Verdisett som begrenses status til Legemiddeladministrering til henholdsvis 'Gjennomført' eller 'Feilregistrert'.",
      "systems" : ["http://hl7.org/fhir/ValueSet/medication-admin-status"]
    }
  ]
}
