<?xml version="1.0" encoding="UTF-8"?>

<ValueSet xmlns="http://hl7.org/fhir">
  <id value="lmdi-medicationadministrationstatus"/>
  <text>
    <status value="generated"/><div xmlns="http://www.w3.org/1999/xhtml"><p class="res-header-id"><b>Generated Narrative: ValueSet lmdi-medicationadministrationstatus</b></p><a name="lmdi-medicationadministrationstatus"> </a><a name="hclmdi-medicationadministrationstatus"> </a><ul><li>Include these codes as defined in <code>http://hl7.org/fhir/ValueSet/medication-admin-status</code><span title="Version is not explicitly stated. No matching Code System found"> version Not Stated (use latest from terminology server)</span><table class="none"><tr><td style="white-space:nowrap"><b>Code</b></td><td><b>Display</b></td></tr><tr><td>completed</td><td>Gjennomført</td></tr><tr><td>entered-in-error</td><td>Feilregistrert</td></tr></table></li></ul></div>
  </text>
  <url value="http://hl7.no/fhir/ig/lmdi/ValueSet/lmdi-medicationadministrationstatus"/>
  <version value="1.0.7"/>
  <name value="LegemiddeladministreringStatus"/>
  <title value="Status for legemiddeladministrering"/>
  <status value="draft"/>
  <date value="2025-09-12"/>
  <publisher value="Folkehelseinstituttet"/>
  <contact>
    <name value="Folkehelseinstituttet"/>
    <telecom>
      <system value="url"/>
      <value value="https://www.fhi.no"/>
    </telecom>
  </contact>
  <contact>
    <name value="Legemiddelregisteret"/>
    <telecom>
      <system value="email"/>
      <value value="legemiddelregisteret@fhi.no"/>
    </telecom>
  </contact>
  <description value="Verdisett som begrenses status til Legemiddeladministrering til henholdsvis 'Gjennomført' eller 'Feilregistrert'."/>
  <jurisdiction>
    <coding>
      <system value="urn:iso:std:iso:3166"/>
      <code value="NO"/>
      <display value="Norway"/>
    </coding>
  </jurisdiction>
  <compose>
    <include>
      <system value="http://hl7.org/fhir/ValueSet/medication-admin-status"/>
      <concept>
        <code value="completed"/>
        <display value="Gjennomført"/>
      </concept>
      <concept>
        <code value="entered-in-error"/>
        <display value="Feilregistrert"/>
      </concept>
    </include>
  </compose>
</ValueSet>