{"resourceType":"NamingSystem","id":"lmdi-lokaltLegemiddel","text":{"status":"generated","div":"<div xmlns=\"http://www.w3.org/1999/xhtml\"><p class=\"res-header-id\"><b>Generated Narrative: NamingSystem lmdi-lokaltLegemiddel</b></p><a name=\"lmdi-lokaltLegemiddel\"> </a><a name=\"hclmdi-lokaltLegemiddel\"> </a><a name=\"lmdi-lokaltLegemiddel-no\"> </a><h3>Summary</h3><table class=\"grid\"><tr><td>Defining URL</td><td>http://hl7.no/fhir/ig/lmdi/NamingSystem/lmdi-lokaltLegemiddel</td></tr><tr><td>Version</td><td>1.0.3</td></tr><tr><td>Name</td><td>lmdiLokaltLegemiddel</td></tr><tr><td>Status</td><td>draft</td></tr><tr><td>Definition</td><td><div><p>Id for angivelse av legemiddel fra lokal legemiddelkatalog</p>\n</div></td></tr><tr><td>Publisher</td><td>Folkehelseinstituttet</td></tr></table><h3>Identifiers</h3><table class=\"grid\"><tr><td><b>Type</b></td><td><b>Value</b></td><td><b>Preferred</b></td></tr><tr><td>URI</td><td>http://fh.no/fhir/NamingSystem/lokaltVirkemiddel</td><td>true</td></tr></table></div>"},"extension":[{"url":"http://hl7.org/fhir/5.0/StructureDefinition/extension-NamingSystem.url","valueUri":"http://hl7.no/fhir/ig/lmdi/NamingSystem/lmdi-lokaltLegemiddel"},{"url":"http://hl7.org/fhir/5.0/StructureDefinition/extension-NamingSystem.version","valueString":"1.0.3"}],"name":"lmdiLokaltLegemiddel","status":"draft","kind":"identifier","date":"2024-06-10","publisher":"Folkehelseinstituttet","contact":[{"name":"Folkehelseinstituttet","telecom":[{"system":"url","value":"https://www.fhi.no"}]},{"name":"Legemiddelregisteret","telecom":[{"system":"email","value":"legemiddelregisteret@fhi.no"}]}],"responsible":"Folkehelseinstituttet","description":"Id for angivelse av legemiddel fra lokal legemiddelkatalog","jurisdiction":[{"coding":[{"system":"urn:iso:std:iso:3166","code":"NO","display":"Norway"}]}],"uniqueId":[{"type":"uri","value":"http://fh.no/fhir/NamingSystem/lokaltVirkemiddel","preferred":true}]}