{"resourceType":"NamingSystem","id":"no-basis-fest-legemiddeldose","text":{"status":"generated","div":"<div xmlns=\"http://www.w3.org/1999/xhtml\"><p class=\"res-header-id\"><b>Generated Narrative: NamingSystem no-basis-fest-legemiddeldose</b></p><a name=\"no-basis-fest-legemiddeldose\"> </a><a name=\"hcno-basis-fest-legemiddeldose\"> </a><a name=\"no-basis-fest-legemiddeldose-no\"> </a><h3>Summary</h3><table class=\"grid\"><tr><td>Defining URL</td><td>http://hl7.no/fhir/ig/lmdi/NamingSystem/no-basis-fest-legemiddeldose</td></tr><tr><td>Version</td><td>1.0.3</td></tr><tr><td>Name</td><td>festLegemiddelDose</td></tr><tr><td>Status</td><td>draft</td></tr><tr><td>Definition</td><td><div><p>FEST-id for dose. Rekvirering av en bestemt merkevare med ID (LMR-nummer) som representerer minste plukkbare enhet, f.eks. 1 ampulle eller 1 tablett.</p>\n</div></td></tr><tr><td>Publisher</td><td>Folkehelseinstituttet</td></tr></table><h3>Identifiers</h3><table class=\"grid\"><tr><td><b>Type</b></td><td><b>Value</b></td><td><b>Preferred</b></td></tr><tr><td>URI</td><td>http://dmp.no/fhir/NamingSystem/festLegemiddelDose</td><td>true</td></tr></table></div>"},"extension":[{"url":"http://hl7.org/fhir/5.0/StructureDefinition/extension-NamingSystem.url","valueUri":"http://hl7.no/fhir/ig/lmdi/NamingSystem/no-basis-fest-legemiddeldose"},{"url":"http://hl7.org/fhir/5.0/StructureDefinition/extension-NamingSystem.version","valueString":"1.0.3"}],"name":"festLegemiddelDose","status":"draft","kind":"identifier","date":"2024-06-10","publisher":"Folkehelseinstituttet","contact":[{"name":"Folkehelseinstituttet","telecom":[{"system":"url","value":"https://www.fhi.no"}]},{"name":"Legemiddelregisteret","telecom":[{"system":"email","value":"legemiddelregisteret@fhi.no"}]}],"responsible":"Direktoratet for medisinske produkter","description":"FEST-id for dose. Rekvirering av en bestemt merkevare med ID (LMR-nummer) som representerer minste plukkbare enhet, f.eks. 1 ampulle eller 1 tablett.","jurisdiction":[{"coding":[{"system":"urn:iso:std:iso:3166","code":"NO","display":"Norway"}]}],"uniqueId":[{"type":"uri","value":"http://dmp.no/fhir/NamingSystem/festLegemiddelDose","preferred":true}]}