{"resourceType":"ValueSet","id":"atc-valueset","text":{"status":"generated","div":"<div xmlns=\"http://www.w3.org/1999/xhtml\"><p class=\"res-header-id\"><b>Generated Narrative: ValueSet atc-valueset</b></p><a name=\"atc-valueset\"> </a><a name=\"hcatc-valueset\"> </a><ul><li>Include all codes defined in <a href=\"http://www.whocc.no/atc\"><code>http://www.whocc.no/atc</code></a><span style=\"opacity: 0.5\" title=\"Version is not explicity stated. When building this specification, the most recent version 2025 has been used\"> version ⏿2025</span></li></ul></div>"},"url":"http://fhir.no/ValueSet/atc-valueset","version":"1.0.7","name":"ATCValueSet","title":"ATC Kodesystem ValueSet","status":"active","date":"2025-09-12","publisher":"Folkehelseinstituttet","contact":[{"name":"Folkehelseinstituttet","telecom":[{"system":"url","value":"https://www.fhi.no"}]},{"name":"Legemiddelregisteret","telecom":[{"system":"email","value":"legemiddelregisteret@fhi.no"}]}],"description":"ValueSet som inneholder koder fra WHO ATC (Anatomisk Terapeutisk Kjemisk legemiddelregister)","jurisdiction":[{"coding":[{"system":"urn:iso:std:iso:3166","code":"NO","display":"Norway"}]}],"compose":{"include":[{"system":"http://www.whocc.no/atc"}]}}