{
  "resourceType" : "Medication",
  "id" : "Medisin-2-Paracetamol",
  "meta" : {
    "profile" : ["http://hl7.no/fhir/ig/lmdi/StructureDefinition/lmdi-medication"]
  },
  "text" : {
    "status" : "generated",
    "div" : "<div xmlns=\"http://www.w3.org/1999/xhtml\"><p class=\"res-header-id\"><b>Generated Narrative: Medication Medisin-2-Paracetamol</b></p><a name=\"Medisin-2-Paracetamol\"> </a><a name=\"hcMedisin-2-Paracetamol\"> </a><a name=\"Medisin-2-Paracetamol-no\"> </a><div style=\"display: inline-block; background-color: #d9e0e7; padding: 6px; margin: 4px; border: 1px solid #8da1b4; border-radius: 5px; line-height: 60%\"><p style=\"margin-bottom: 0px\"/><p style=\"margin-bottom: 0px\">Profile: <a href=\"StructureDefinition-lmdi-medication.html\">Legemiddel</a></p></div><p><b>identifier</b>: <a href=\"NamingSystem-no-basis-fest-legemiddelmerkevare.html\" title=\"FEST-id for legemiddel merkevare. Rekvirering av en styrke og form av en bestemt merkevare. Pr. 2024 er det ikke lenger ønskelig at det rekvireres på LegemiddelMerkevare.\">festLegemiddelMerkevare</a>/2ABAC272-0BCF-43F0-84BE-984074D92E15</p><p><b>code</b>: <span title=\"Codes:{http://dmp.no/fhir/NamingSystem/festLegemiddelMerkevare 2ABAC272-0BCF-43F0-84BE-984074D92E15}\">Paracetamol</span></p></div>"
  },
  "identifier" : [{
    "system" : "http://dmp.no/fhir/NamingSystem/festLegemiddelMerkevare",
    "value" : "2ABAC272-0BCF-43F0-84BE-984074D92E15"
  }],
  "code" : {
    "coding" : [{
      "system" : "http://dmp.no/fhir/NamingSystem/festLegemiddelMerkevare",
      "code" : "2ABAC272-0BCF-43F0-84BE-984074D92E15",
      "display" : "Paracetamol"
    }]
  }
}