{
  "resourceType" : "Organization",
  "id" : "Organisasjon-1-Sykehjem",
  "meta" : {
    "profile" : ["http://hl7.no/fhir/ig/lmdi/StructureDefinition/lmdi-organization"]
  },
  "text" : {
    "status" : "generated",
    "div" : "<div xmlns=\"http://www.w3.org/1999/xhtml\"><p class=\"res-header-id\"><b>Generated Narrative: Organization Organisasjon-1-Sykehjem</b></p><a name=\"Organisasjon-1-Sykehjem\"> </a><a name=\"hcOrganisasjon-1-Sykehjem\"> </a><a name=\"Organisasjon-1-Sykehjem-no\"> </a><div style=\"display: inline-block; background-color: #d9e0e7; padding: 6px; margin: 4px; border: 1px solid #8da1b4; border-radius: 5px; line-height: 60%\"><p style=\"margin-bottom: 0px\"/><p style=\"margin-bottom: 0px\">Profile: <a href=\"StructureDefinition-lmdi-organization.html\">Organisasjon</a></p></div><p><b>identifier</b>: <code>urn:oid:2.16.578.1.12.4.1.4.101</code>/1234567890</p><p><b>type</b>: <span title=\"Codes:{http://terminology.hl7.org/CodeSystem/organization-type prov}\">Healthcare Provider</span></p><p><b>name</b>: Lykkedalen sykehjem</p><p><b>address</b>: </p></div>"
  },
  "identifier" : [{
    "system" : "urn:oid:2.16.578.1.12.4.1.4.101",
    "value" : "1234567890"
  }],
  "type" : [{
    "coding" : [{
      "system" : "http://terminology.hl7.org/CodeSystem/organization-type",
      "code" : "prov",
      "display" : "Healthcare Provider"
    }]
  }],
  "name" : "Lykkedalen sykehjem",
  "address" : [{
    "type" : "physical",
    "district" : "Sigdal",
    "_district" : {
      "extension" : [{
        "url" : "http://hl7.no/fhir/ig/lmdi/StructureDefinition/lmdi-municipalitycode",
        "valueCoding" : {
          "system" : "urn:oid:2.16.578.1.12.4.1.1.3402",
          "code" : "3025",
          "display" : "Sigdal"
        }
      }]
    }
  }]
}