{
  "resourceType" : "Practitioner",
  "id" : "Helsepersonell-1-HPR-nummer",
  "meta" : {
    "profile" : ["http://hl7.no/fhir/ig/lmdi/StructureDefinition/lmdi-practitioner"]
  },
  "text" : {
    "status" : "generated",
    "div" : "<div xmlns=\"http://www.w3.org/1999/xhtml\"><p class=\"res-header-id\"><b>Generated Narrative: Practitioner Helsepersonell-1-HPR-nummer</b></p><a name=\"Helsepersonell-1-HPR-nummer\"> </a><a name=\"hcHelsepersonell-1-HPR-nummer\"> </a><a name=\"Helsepersonell-1-HPR-nummer-no\"> </a><div style=\"display: inline-block; background-color: #d9e0e7; padding: 6px; margin: 4px; border: 1px solid #8da1b4; border-radius: 5px; line-height: 60%\"><p style=\"margin-bottom: 0px\"/><p style=\"margin-bottom: 0px\">Profile: <a href=\"StructureDefinition-lmdi-practitioner.html\">Helsepersonell</a></p></div><p><b>identifier</b>: <code>urn:oid:2.16.578.1.12.4.1.4.4</code>/9144900</p></div>"
  },
  "identifier" : [{
    "system" : "urn:oid:2.16.578.1.12.4.1.4.4",
    "value" : "9144900"
  }]
}