<?xml version="1.0" encoding="UTF-8"?>

<MedicationAdministration xmlns="http://hl7.org/fhir">
  <id value="Administrering-10"/>
  <meta>
    <profile value="http://hl7.no/fhir/ig/lmdi/StructureDefinition/lmdi-medicationadministration"/>
  </meta>
  <text>
    <status value="extensions"/><div xmlns="http://www.w3.org/1999/xhtml"><p class="res-header-id"><b>Generated Narrative: MedicationAdministration Administrering-10</b></p><a name="Administrering-10"> </a><a name="hcAdministrering-10"> </a><div style="display: inline-block; background-color: #d9e0e7; padding: 6px; margin: 4px; border: 1px solid #8da1b4; border-radius: 5px; line-height: 60%"><p style="margin-bottom: 0px"/><p style="margin-bottom: 0px">Profile: <a href="StructureDefinition-lmdi-medicationadministration.html">Legemiddeladministrering</a></p></div><p><b>status</b>: Completed</p><p><b>medication</b>: <a href="#hcAdministrering-10/Medisin-10">Medication Oxycodone Orifarm mikst oppl 1 mg/ml</a></p><p><b>subject</b>: <a href="#hcAdministrering-10/Pasient-20">Anonymous Patient (no stated gender), DoB Unknown ( urn:oid:2.16.578.1.12.4.1.4.1#13031353453)</a></p><p><b>context</b>: <a href="#hcAdministrering-10/Episode-2-Sykehjem">Encounter: extension = ; status = finished; class = inpatient encounter (ActCode#IMP)</a></p><p><b>effective</b>: 2024-05-28 13:14:00+0000</p><hr/><blockquote><p class="res-header-id"><b>Generated Narrative: Medication #Medisin-10</b></p><a name="Administrering-10/Medisin-10"> </a><a name="hcAdministrering-10/Medisin-10"> </a><div style="display: inline-block; background-color: #d9e0e7; padding: 6px; margin: 4px; border: 1px solid #8da1b4; border-radius: 5px; line-height: 60%"><p style="margin-bottom: 0px"/><p style="margin-bottom: 0px">Profile: <a href="StructureDefinition-lmdi-medication.html">Legemiddel</a></p></div><p><b>code</b>: <span title="Codes:{http://dmp.no/fhir/NamingSystem/festLegemiddelDose ID_48BD33D2-2838-4B81-8225-02391B7A4516}, {http://snomed.info/sct 414984009}">Oxycodone Orifarm mikst oppl 1 mg/ml</span></p></blockquote><hr/><blockquote><p class="res-header-id"><b>Generated Narrative: Patient #Pasient-20</b></p><a name="Administrering-10/Pasient-20"> </a><a name="hcAdministrering-10/Pasient-20"> </a><div style="display: inline-block; background-color: #d9e0e7; padding: 6px; margin: 4px; border: 1px solid #8da1b4; border-radius: 5px; line-height: 60%"><p style="margin-bottom: 0px"/><p style="margin-bottom: 0px">Profile: <a href="StructureDefinition-lmdi-patient.html">Pasient</a></p></div><p style="border: 1px #661aff solid; background-color: #e6e6ff; padding: 10px;">Anonymous Patient (no stated gender), DoB Unknown ( urn:oid:2.16.578.1.12.4.1.4.1#13031353453)</p><hr/></blockquote><hr/><blockquote><p class="res-header-id"><b>Generated Narrative: Practitioner #Helsepersonell-10</b></p><a name="Administrering-10/Helsepersonell-10"> </a><a name="hcAdministrering-10/Helsepersonell-10"> </a><div style="display: inline-block; background-color: #d9e0e7; padding: 6px; margin: 4px; border: 1px solid #8da1b4; border-radius: 5px; line-height: 60%"><p style="margin-bottom: 0px"/><p style="margin-bottom: 0px">Profile: <a href="StructureDefinition-lmdi-practitioner.html">Helsepersonell</a></p></div><p><b>identifier</b>: <code>urn:oid:2.16.578.1.12.4.1.4.4</code>/9144900</p></blockquote><hr/><blockquote><p class="res-header-id"><b>Generated Narrative: Encounter #Episode-2-Sykehjem</b></p><a name="Administrering-10/Episode-2-Sykehjem"> </a><a name="hcAdministrering-10/Episode-2-Sykehjem"> </a><div style="display: inline-block; background-color: #d9e0e7; padding: 6px; margin: 4px; border: 1px solid #8da1b4; border-radius: 5px; line-height: 60%"><p style="margin-bottom: 0px"/><p style="margin-bottom: 0px">Profile: <a href="StructureDefinition-lmdi-encounter.html">Episode</a></p></div><blockquote><p><b>NPR Episode Identifier</b></p><ul><li>stringIdentifier: NPR123456789</li><li>uuidIdentifier: 550e8400-e29b-41d4-a716-446655440000</li></ul></blockquote><p><b>status</b>: Finished</p><p><b>class</b>: <a href="http://terminology.hl7.org/6.5.0/CodeSystem-v3-ActCode.html#v3-ActCode-IMP">ActCode IMP</a>: inpatient encounter</p><p><b>serviceProvider</b>: <a href="#hcAdministrering-10/Organisasjon-2-Eldrehjem">Organization Lykkedalen eldrehjem</a></p></blockquote><hr/><blockquote><p class="res-header-id"><b>Generated Narrative: Organization #Organisasjon-2-Eldrehjem</b></p><a name="Administrering-10/Organisasjon-2-Eldrehjem"> </a><a name="hcAdministrering-10/Organisasjon-2-Eldrehjem"> </a><div style="display: inline-block; background-color: #d9e0e7; padding: 6px; margin: 4px; border: 1px solid #8da1b4; border-radius: 5px; line-height: 60%"><p style="margin-bottom: 0px"/><p style="margin-bottom: 0px">Profile: <a href="StructureDefinition-lmdi-organization.html">Organisasjon</a></p></div><p><b>identifier</b>: <code>urn:oid:2.16.578.1.12.4.1.4.101</code>/1234567890</p><p><b>type</b>: <span title="Codes:{http://terminology.hl7.org/CodeSystem/organization-type prov}">Healthcare Provider</span></p><p><b>name</b>: Lykkedalen eldrehjem</p></blockquote></div>
  </text>
  <contained>
    <Medication>
      <id value="Medisin-10"/>
      <meta>
        <profile value="http://hl7.no/fhir/ig/lmdi/StructureDefinition/lmdi-medication"/>
      </meta>
      <code>
        <coding>
          <system value="http://dmp.no/fhir/NamingSystem/festLegemiddelDose"/>
          <code value="ID_48BD33D2-2838-4B81-8225-02391B7A4516"/>
          <display value="Oxycodone Orifarm mikst oppl 1 mg/ml"/>
        </coding>
        <coding>
          <system value="http://snomed.info/sct"/>
          <code value="414984009"/>
          <display value="Product containing oxycodone (medicinal product)"/>
        </coding>
      </code>
    </Medication>
  </contained>
  <contained>
    <Patient>
      <id value="Pasient-20"/>
      <meta>
        <profile value="http://hl7.no/fhir/ig/lmdi/StructureDefinition/lmdi-patient"/>
      </meta>
      <identifier>
        <system value="urn:oid:2.16.578.1.12.4.1.4.1"/>
        <value value="13031353453"/>
      </identifier>
    </Patient>
  </contained>
  <contained>
    <Practitioner>
      <id value="Helsepersonell-10"/>
      <meta>
        <profile value="http://hl7.no/fhir/ig/lmdi/StructureDefinition/lmdi-practitioner"/>
      </meta>
      <identifier>
        <system value="urn:oid:2.16.578.1.12.4.1.4.4"/>
        <value value="9144900"/>
      </identifier>
    </Practitioner>
  </contained>
  <contained>
    <Encounter>
      <id value="Episode-2-Sykehjem"/>
      <meta>
        <profile value="http://hl7.no/fhir/ig/lmdi/StructureDefinition/lmdi-encounter"/>
      </meta>
      <extension url="http://hl7.no/fhir/ig/lmdi/StructureDefinition/npr-episode-identifier">
        <extension url="stringIdentifier">
          <valueString value="NPR123456789"/>
        </extension>
        <extension url="uuidIdentifier">
          <valueUuid value="550e8400-e29b-41d4-a716-446655440000"/>
        </extension>
      </extension>
      <status value="finished"/>
      <class>
        <system value="http://terminology.hl7.org/CodeSystem/v3-ActCode"/>
        <code value="IMP"/>
        <display value="inpatient encounter"/>
      </class>
      <serviceProvider>
        <reference value="#Organisasjon-2-Eldrehjem"/>
      </serviceProvider>
    </Encounter>
  </contained>
  <contained>
    <Organization>
      <id value="Organisasjon-2-Eldrehjem"/>
      <meta>
        <profile value="http://hl7.no/fhir/ig/lmdi/StructureDefinition/lmdi-organization"/>
      </meta>
      <identifier>
        <system value="urn:oid:2.16.578.1.12.4.1.4.101"/>
        <value value="1234567890"/>
      </identifier>
      <type>
        <coding>
          <system value="http://terminology.hl7.org/CodeSystem/organization-type"/>
          <code value="prov"/>
          <display value="Healthcare Provider"/>
        </coding>
      </type>
      <name value="Lykkedalen eldrehjem"/>
    </Organization>
  </contained>
  <status value="completed"/>
  <medicationReference>
    <reference value="#Medisin-10"/>
  </medicationReference>
  <subject>
    <reference value="#Pasient-20"/>
  </subject>
  <context>
    <reference value="#Episode-2-Sykehjem"/>
  </context>
  <effectiveDateTime value="2024-05-28T13:14:00Z"/>
</MedicationAdministration>