<?xml version="1.0" encoding="UTF-8"?>

<MedicationAdministration xmlns="http://hl7.org/fhir">
  <id value="Administrering-20"/>
  <text>
    <status value="generated"/><div xmlns="http://www.w3.org/1999/xhtml"><p class="res-header-id"><b>Generated Narrative: MedicationAdministration Administrering-20</b></p><a name="Administrering-20"> </a><a name="hcAdministrering-20"> </a><p><b>status</b>: Completed</p><p><b>medication</b>: <a href="#hcAdministrering-20/medisin-91171f8e-b615-41ba-881a-87b8e8075611">Medication Botox pulv til inj væske, oppl 50 E</a></p><p><b>subject</b>: <a href="https://simplifier.net/resolve?scope=hl7.fhir.no.basis@2.2.0&amp;canonical=https://fhi.no/fhir/lmdi/pasient/12345678">https://fhi.no/fhir/lmdi/pasient/12345678</a></p><p><b>effective</b>: 2024-05-28</p><h3>Dosages</h3><table class="grid"><tr><td style="display: none">-</td><td><b>Text</b></td><td><b>Dose</b></td></tr><tr><td style="display: none">*</td><td>100 mg</td><td>100 mg<span style="background: LightGoldenRodYellow"> (Details: UCUM  codemg = 'mg')</span></td></tr></table><hr/><blockquote><p class="res-header-id"><b>Generated Narrative: Medication #medisin-91171f8e-b615-41ba-881a-87b8e8075611</b></p><a name="Administrering-20/medisin-91171f8e-b615-41ba-881a-87b8e8075611"> </a><a name="hcAdministrering-20/medisin-91171f8e-b615-41ba-881a-87b8e8075611"> </a><p><b>code</b>: <span title="Codes:{http://dmp.no/fhir/NamingSystem/festLegemiddelPakning ID_00B35335-0DF7-4C98-8A0A-1148F4599D21}">Botox pulv til inj væske, oppl 50 E</span></p></blockquote></div>
  </text>
  <contained>
    <Medication>
      <id value="medisin-91171f8e-b615-41ba-881a-87b8e8075611"/>
      <code>
        <coding>
          <system value="http://dmp.no/fhir/NamingSystem/festLegemiddelPakning"/>
          <code value="ID_00B35335-0DF7-4C98-8A0A-1148F4599D21"/>
          <display value="Botox pulv til inj væske, oppl 50 E"/>
        </coding>
      </code>
    </Medication>
  </contained>
  <status value="completed"/>
  <medicationReference>
    <reference value="#medisin-91171f8e-b615-41ba-881a-87b8e8075611"/>
  </medicationReference>
  <subject>
    <reference value="https://fhi.no/fhir/lmdi/pasient/12345678"/>
  </subject>
  <effectiveDateTime value="2024-05-28"/>
  <dosage>
    <text value="100 mg"/>
    <dose>
      <value value="100"/>
      <unit value="mg"/>
      <system value="http://unitsofmeasure.org"/>
      <code value="mg"/>
    </dose>
  </dosage>
</MedicationAdministration>