<?xml version="1.0" encoding="UTF-8"?>

<Patient xmlns="http://hl7.org/fhir">
  <id value="Pasient-1-Uten-FNR"/>
  <meta>
    <profile value="http://hl7.no/fhir/ig/lmdi/StructureDefinition/lmdi-patient"/>
  </meta>
  <text>
    <status value="generated"/><div xmlns="http://www.w3.org/1999/xhtml"><p class="res-header-id"><b>Generated Narrative: Patient Pasient-1-Uten-FNR</b></p><a name="Pasient-1-Uten-FNR"> </a><a name="hcPasient-1-Uten-FNR"> </a><div style="display: inline-block; background-color: #d9e0e7; padding: 6px; margin: 4px; border: 1px solid #8da1b4; border-radius: 5px; line-height: 60%"><p style="margin-bottom: 0px"/><p style="margin-bottom: 0px">Profile: <a href="StructureDefinition-lmdi-patient.html">Pasient</a></p></div><p style="border: 1px #661aff solid; background-color: #e6e6ff; padding: 10px;">Anonymous Patient Female, DoB: 1958-09-19</p><hr/><table class="grid"><tr><td style="background-color: #f3f5da" title="Ways to contact the Patient">Contact Detail</td><td colspan="3"></td></tr></table></div>
  </text>
  <gender value="female"/>
  <birthDate value="1958-09-19"/>
  <address>
    <district value="Bærum">
      <extension url="http://hl7.no/fhir/StructureDefinition/no-basis-municipalitycode">
        <valueCoding>
          <system value="urn:oid:2.16.578.1.12.4.1.1.3402"/>
          <code value="3024"/>
          <display value="Bærum"/>
        </valueCoding>
      </extension>
    </district>
  </address>
</Patient>